-- phpMyAdmin SQL Dump
-- version 5.0.2
-- https://www.phpmyadmin.net/
--
-- Host: 127.0.0.1
-- Generation Time: May 14, 2021 at 09:45 AM
-- Server version: 10.4.11-MariaDB
-- PHP Version: 7.4.5

SET SQL_MODE = "NO_AUTO_VALUE_ON_ZERO";
START TRANSACTION;
SET time_zone = "+00:00";


/*!40101 SET @OLD_CHARACTER_SET_CLIENT=@@CHARACTER_SET_CLIENT */;
/*!40101 SET @OLD_CHARACTER_SET_RESULTS=@@CHARACTER_SET_RESULTS */;
/*!40101 SET @OLD_COLLATION_CONNECTION=@@COLLATION_CONNECTION */;
/*!40101 SET NAMES utf8mb4 */;

--
-- Database: `laravelapi`
--

-- --------------------------------------------------------

--
-- Table structure for table `failed_jobs`
--

CREATE TABLE `failed_jobs` (
  `id` bigint(20) UNSIGNED NOT NULL,
  `uuid` varchar(255) COLLATE utf8mb4_unicode_ci NOT NULL,
  `connection` text COLLATE utf8mb4_unicode_ci NOT NULL,
  `queue` text COLLATE utf8mb4_unicode_ci NOT NULL,
  `payload` longtext COLLATE utf8mb4_unicode_ci NOT NULL,
  `exception` longtext COLLATE utf8mb4_unicode_ci NOT NULL,
  `failed_at` timestamp NOT NULL DEFAULT current_timestamp()
) ENGINE=InnoDB DEFAULT CHARSET=utf8mb4 COLLATE=utf8mb4_unicode_ci;

-- --------------------------------------------------------

--
-- Table structure for table `migrations`
--

CREATE TABLE `migrations` (
  `id` int(10) UNSIGNED NOT NULL,
  `migration` varchar(255) COLLATE utf8mb4_unicode_ci NOT NULL,
  `batch` int(11) NOT NULL
) ENGINE=InnoDB DEFAULT CHARSET=utf8mb4 COLLATE=utf8mb4_unicode_ci;

--
-- Dumping data for table `migrations`
--

INSERT INTO `migrations` (`id`, `migration`, `batch`) VALUES
(1, '2014_10_12_000000_create_users_table', 1),
(2, '2014_10_12_100000_create_password_resets_table', 1),
(3, '2016_06_01_000001_create_oauth_auth_codes_table', 1),
(4, '2016_06_01_000002_create_oauth_access_tokens_table', 1),
(5, '2016_06_01_000003_create_oauth_refresh_tokens_table', 1),
(6, '2016_06_01_000004_create_oauth_clients_table', 1),
(7, '2016_06_01_000005_create_oauth_personal_access_clients_table', 1),
(8, '2019_08_19_000000_create_failed_jobs_table', 1),
(9, '2021_05_13_074532_create_students_table', 1),
(10, '2021_05_14_061525_create_products_table', 1),
(11, '2021_05_14_062008_create_reviews_table', 1);

-- --------------------------------------------------------

--
-- Table structure for table `oauth_access_tokens`
--

CREATE TABLE `oauth_access_tokens` (
  `id` varchar(100) COLLATE utf8mb4_unicode_ci NOT NULL,
  `user_id` bigint(20) UNSIGNED DEFAULT NULL,
  `client_id` bigint(20) UNSIGNED NOT NULL,
  `name` varchar(255) COLLATE utf8mb4_unicode_ci DEFAULT NULL,
  `scopes` text COLLATE utf8mb4_unicode_ci DEFAULT NULL,
  `revoked` tinyint(1) NOT NULL,
  `created_at` timestamp NULL DEFAULT NULL,
  `updated_at` timestamp NULL DEFAULT NULL,
  `expires_at` datetime DEFAULT NULL
) ENGINE=InnoDB DEFAULT CHARSET=utf8mb4 COLLATE=utf8mb4_unicode_ci;

-- --------------------------------------------------------

--
-- Table structure for table `oauth_auth_codes`
--

CREATE TABLE `oauth_auth_codes` (
  `id` varchar(100) COLLATE utf8mb4_unicode_ci NOT NULL,
  `user_id` bigint(20) UNSIGNED NOT NULL,
  `client_id` bigint(20) UNSIGNED NOT NULL,
  `scopes` text COLLATE utf8mb4_unicode_ci DEFAULT NULL,
  `revoked` tinyint(1) NOT NULL,
  `expires_at` datetime DEFAULT NULL
) ENGINE=InnoDB DEFAULT CHARSET=utf8mb4 COLLATE=utf8mb4_unicode_ci;

-- --------------------------------------------------------

--
-- Table structure for table `oauth_clients`
--

CREATE TABLE `oauth_clients` (
  `id` bigint(20) UNSIGNED NOT NULL,
  `user_id` bigint(20) UNSIGNED DEFAULT NULL,
  `name` varchar(255) COLLATE utf8mb4_unicode_ci NOT NULL,
  `secret` varchar(100) COLLATE utf8mb4_unicode_ci DEFAULT NULL,
  `provider` varchar(255) COLLATE utf8mb4_unicode_ci DEFAULT NULL,
  `redirect` text COLLATE utf8mb4_unicode_ci NOT NULL,
  `personal_access_client` tinyint(1) NOT NULL,
  `password_client` tinyint(1) NOT NULL,
  `revoked` tinyint(1) NOT NULL,
  `created_at` timestamp NULL DEFAULT NULL,
  `updated_at` timestamp NULL DEFAULT NULL
) ENGINE=InnoDB DEFAULT CHARSET=utf8mb4 COLLATE=utf8mb4_unicode_ci;

-- --------------------------------------------------------

--
-- Table structure for table `oauth_personal_access_clients`
--

CREATE TABLE `oauth_personal_access_clients` (
  `id` bigint(20) UNSIGNED NOT NULL,
  `client_id` bigint(20) UNSIGNED NOT NULL,
  `created_at` timestamp NULL DEFAULT NULL,
  `updated_at` timestamp NULL DEFAULT NULL
) ENGINE=InnoDB DEFAULT CHARSET=utf8mb4 COLLATE=utf8mb4_unicode_ci;

-- --------------------------------------------------------

--
-- Table structure for table `oauth_refresh_tokens`
--

CREATE TABLE `oauth_refresh_tokens` (
  `id` varchar(100) COLLATE utf8mb4_unicode_ci NOT NULL,
  `access_token_id` varchar(100) COLLATE utf8mb4_unicode_ci NOT NULL,
  `revoked` tinyint(1) NOT NULL,
  `expires_at` datetime DEFAULT NULL
) ENGINE=InnoDB DEFAULT CHARSET=utf8mb4 COLLATE=utf8mb4_unicode_ci;

-- --------------------------------------------------------

--
-- Table structure for table `password_resets`
--

CREATE TABLE `password_resets` (
  `email` varchar(255) COLLATE utf8mb4_unicode_ci NOT NULL,
  `token` varchar(255) COLLATE utf8mb4_unicode_ci NOT NULL,
  `created_at` timestamp NULL DEFAULT NULL
) ENGINE=InnoDB DEFAULT CHARSET=utf8mb4 COLLATE=utf8mb4_unicode_ci;

-- --------------------------------------------------------

--
-- Table structure for table `products`
--

CREATE TABLE `products` (
  `id` int(10) UNSIGNED NOT NULL,
  `name` varchar(255) COLLATE utf8mb4_unicode_ci NOT NULL,
  `detail` text COLLATE utf8mb4_unicode_ci NOT NULL,
  `price` int(11) NOT NULL,
  `stock` int(11) NOT NULL,
  `discount` int(11) NOT NULL,
  `created_at` timestamp NULL DEFAULT NULL,
  `updated_at` timestamp NULL DEFAULT NULL
) ENGINE=InnoDB DEFAULT CHARSET=utf8mb4 COLLATE=utf8mb4_unicode_ci;

--
-- Dumping data for table `products`
--

INSERT INTO `products` (`id`, `name`, `detail`, `price`, `stock`, `discount`, `created_at`, `updated_at`) VALUES
(1, 'eum', 'Expedita et ipsa magnam ipsum. Officia a exercitationem molestiae qui. Quo ab culpa et similique laborum. Doloribus blanditiis voluptatem rerum molestias cumque qui.', 153, 2, 16, '2021-05-14 02:10:39', '2021-05-14 02:10:39'),
(2, 'adipisci', 'Totam vel aut ducimus est nihil. Ut beatae cumque rerum eaque sapiente occaecati nemo. Sit repellat sit dolorem quia veniam perferendis. Aspernatur voluptatem quas expedita deleniti.', 860, 3, 23, '2021-05-14 02:10:39', '2021-05-14 02:10:39'),
(3, 'maxime', 'Repudiandae laudantium officia sed quos natus aut. Qui veritatis dignissimos et eum delectus est. Voluptates unde enim quas excepturi. Et quas eius debitis aut.', 802, 1, 2, '2021-05-14 02:10:39', '2021-05-14 02:10:39'),
(4, 'labore', 'Earum ad pariatur soluta veniam dolorem delectus cum. Quasi et vero quibusdam.', 273, 1, 6, '2021-05-14 02:10:39', '2021-05-14 02:10:39'),
(5, 'illo', 'Expedita quas nostrum iusto et eos non optio dolor. Hic quia laudantium necessitatibus numquam. Consectetur debitis quam esse itaque quo.', 333, 8, 23, '2021-05-14 02:10:39', '2021-05-14 02:10:39'),
(6, 'dolorem', 'In enim dolorum et quis voluptatem animi accusantium molestiae. Qui vel perspiciatis nisi ea ipsa labore commodi. Possimus aut vero non qui quis nam. Aut quis nihil quibusdam amet autem quaerat quod repellat.', 132, 0, 11, '2021-05-14 02:10:39', '2021-05-14 02:10:39'),
(7, 'omnis', 'Omnis qui consequatur placeat voluptatum voluptas sequi. Nam fuga ullam tempore ut ut magnam dolores exercitationem. Qui qui voluptatem omnis sit. Sequi est quia accusantium quidem cupiditate atque. Modi exercitationem dolorem accusamus.', 947, 3, 6, '2021-05-14 02:10:39', '2021-05-14 02:10:39'),
(8, 'est', 'Id aperiam et aut numquam rerum vel deleniti mollitia. Qui dolore ut aut modi quos optio. Voluptatem beatae ea soluta sunt sed voluptatem. Et facilis non dolor id quibusdam a quisquam.', 384, 1, 20, '2021-05-14 02:10:40', '2021-05-14 02:10:40'),
(9, 'sed', 'Enim in maxime quis rem est quo. Sed repudiandae ex sed quo. Temporibus ut occaecati qui non. Quis sunt perferendis sunt sequi vitae doloremque omnis.', 962, 5, 29, '2021-05-14 02:10:40', '2021-05-14 02:10:40'),
(10, 'sint', 'Et qui molestiae assumenda excepturi quis quam ab. Exercitationem consequatur excepturi autem rerum et. Quia non dolor ut dolorum doloribus. Impedit velit illum omnis qui. Aut molestiae commodi et animi hic nulla.', 806, 4, 6, '2021-05-14 02:10:40', '2021-05-14 02:10:40'),
(11, 'maxime', 'Qui eum rerum laborum facilis sunt occaecati. Explicabo aperiam voluptatem amet atque sed aperiam nesciunt. Hic laudantium aspernatur molestiae.', 259, 9, 25, '2021-05-14 02:10:40', '2021-05-14 02:10:40'),
(12, 'dolor', 'Iste aperiam id et mollitia in. Officia facere eum rem illo provident quo.', 712, 3, 7, '2021-05-14 02:10:40', '2021-05-14 02:10:40'),
(13, 'quo', 'Consequatur sed magni sapiente unde. Optio quis quo iure officiis. Odit suscipit delectus rerum blanditiis. Quia recusandae quidem optio praesentium et.', 581, 9, 12, '2021-05-14 02:10:40', '2021-05-14 02:10:40'),
(14, 'ab', 'Placeat dignissimos ut et in veritatis itaque illo. Occaecati adipisci hic eum blanditiis repellat est id. Qui exercitationem iusto ab quia praesentium sit. Omnis occaecati expedita aperiam.', 590, 0, 28, '2021-05-14 02:10:40', '2021-05-14 02:10:40'),
(15, 'cupiditate', 'Id cupiditate sed suscipit dolorem. Et eum earum accusamus alias amet. Repudiandae velit reprehenderit sapiente excepturi inventore cum a. Enim ea provident repellat libero aut consequatur aut.', 423, 9, 16, '2021-05-14 02:10:40', '2021-05-14 02:10:40'),
(16, 'dolore', 'Non officiis eum quibusdam magni. Veritatis occaecati qui delectus quia voluptatibus excepturi.', 343, 3, 5, '2021-05-14 02:10:40', '2021-05-14 02:10:40'),
(17, 'quo', 'Aspernatur voluptatem rerum maiores dolorum assumenda officia quidem. Eum nisi quidem consectetur soluta perspiciatis quaerat. Sapiente voluptates autem dolores et.', 284, 0, 3, '2021-05-14 02:10:40', '2021-05-14 02:10:40'),
(18, 'necessitatibus', 'Dignissimos veritatis doloremque hic est. Sit numquam vel ullam quibusdam consequatur. Id qui ratione dolor.', 110, 0, 2, '2021-05-14 02:10:40', '2021-05-14 02:10:40'),
(19, 'neque', 'Aliquam voluptas sed assumenda soluta quia libero omnis. Dignissimos aspernatur voluptas velit quis repellat. Maiores officiis dignissimos eligendi porro eaque consequuntur est. Modi eius et ratione expedita eos reprehenderit blanditiis. Qui at nobis nostrum modi sint et qui deserunt.', 146, 4, 23, '2021-05-14 02:10:40', '2021-05-14 02:10:40'),
(20, 'ipsam', 'Aliquam iure alias dolorem aut officiis voluptas dolor porro. Pariatur hic tempore corporis ipsum sit porro sit mollitia. Commodi ea sint nihil unde molestiae qui. Impedit sed magni quasi quibusdam. Animi error suscipit quis quis maxime sit ullam.', 691, 5, 27, '2021-05-14 02:10:40', '2021-05-14 02:10:40'),
(21, 'nam', 'Mollitia ut ratione nesciunt perferendis aut. Quisquam earum et odio rem ut. Quae qui maxime odit et totam enim facilis. Sapiente sequi ut iure nam praesentium.', 885, 1, 29, '2021-05-14 02:10:40', '2021-05-14 02:10:40'),
(22, 'ea', 'Numquam odio et iusto dolor atque dolore nam. Voluptas molestiae eaque odio est illum. Sit rem possimus excepturi officia tempore quisquam nesciunt. Nostrum ipsum rerum distinctio accusantium repudiandae assumenda.', 483, 6, 2, '2021-05-14 02:10:40', '2021-05-14 02:10:40'),
(23, 'perferendis', 'Repellendus hic fuga nesciunt ut. Dolorum molestiae quae optio expedita porro labore quos. Molestiae dolores maxime ipsa ad corporis provident odit.', 990, 2, 14, '2021-05-14 02:10:40', '2021-05-14 02:10:40'),
(24, 'rem', 'Fugit exercitationem quis unde aperiam. Aut porro et sequi cupiditate quaerat occaecati. Dolore distinctio est dolor ea. Ipsum eveniet sed earum.', 895, 4, 28, '2021-05-14 02:10:40', '2021-05-14 02:10:40'),
(25, 'voluptatibus', 'Quo exercitationem quam accusantium sunt quis molestias tempora. Sunt ipsam nulla quod qui vero quo facilis.', 350, 1, 14, '2021-05-14 02:10:40', '2021-05-14 02:10:40'),
(26, 'nihil', 'Natus odit voluptatem est nihil quo est dolorem. Id vel sit voluptates quia. Eius voluptas assumenda non voluptatem quae quia.', 397, 2, 6, '2021-05-14 02:10:40', '2021-05-14 02:10:40'),
(27, 'quis', 'Placeat et nulla praesentium vero autem eum ea. Temporibus fugit officia voluptatem reiciendis consectetur expedita itaque tempora. Nemo labore quia in quis quae ullam.', 725, 3, 29, '2021-05-14 02:10:40', '2021-05-14 02:10:40'),
(28, 'voluptatem', 'Voluptas blanditiis enim tempora qui laboriosam. Facere sit minima dicta voluptatem expedita tempore est. Enim dolor quis est facilis. Ipsum voluptatem doloremque optio sit consequatur voluptatem. Veniam et et labore accusantium rerum et.', 841, 4, 17, '2021-05-14 02:10:40', '2021-05-14 02:10:40'),
(29, 'iste', 'Nobis hic omnis et quia ex exercitationem. Repellendus nemo nam dolor qui est provident sint. Ex autem quas natus.', 250, 5, 19, '2021-05-14 02:10:40', '2021-05-14 02:10:40'),
(30, 'voluptates', 'Dolor accusamus excepturi eum qui quae quibusdam vel. Voluptas et aut beatae quae quis nihil.', 209, 2, 22, '2021-05-14 02:10:40', '2021-05-14 02:10:40'),
(31, 'praesentium', 'Sed eius expedita in. Est aspernatur quae rerum quo iste impedit. Minima ea vitae veritatis aliquam provident et tempore. Consectetur perspiciatis deserunt assumenda molestiae dolore qui adipisci voluptas.', 537, 0, 14, '2021-05-14 02:10:40', '2021-05-14 02:10:40'),
(32, 'quia', 'Placeat aut odio qui vel maiores maiores. Qui pariatur delectus consequatur quae velit. Porro dolor tempora cum quidem. Dicta harum eius est necessitatibus excepturi mollitia repellat. Ullam natus asperiores quis quaerat culpa sit.', 317, 0, 5, '2021-05-14 02:10:40', '2021-05-14 02:10:40'),
(33, 'dolor', 'Qui labore id tempora dolore molestias. Doloremque quos optio cupiditate possimus harum. Nesciunt temporibus et animi.', 372, 9, 29, '2021-05-14 02:10:40', '2021-05-14 02:10:40'),
(34, 'molestias', 'Voluptatum ea praesentium aut tempora nemo. Natus dolorem sint velit tempore asperiores. Culpa aliquam et quo eius labore nobis rerum.', 834, 1, 7, '2021-05-14 02:10:40', '2021-05-14 02:10:40'),
(35, 'nostrum', 'Quos neque perspiciatis voluptatum tenetur reiciendis laborum in. Porro incidunt officia placeat iusto. Ratione et iusto molestias eius rem delectus aut qui. Fuga voluptatem labore molestiae est.', 578, 9, 14, '2021-05-14 02:10:41', '2021-05-14 02:10:41'),
(36, 'mollitia', 'Quasi qui ullam qui nostrum eum eos. Aut velit quasi laboriosam dignissimos accusantium voluptatibus. Eos laborum laborum explicabo sit libero nam ut.', 288, 8, 25, '2021-05-14 02:10:41', '2021-05-14 02:10:41'),
(37, 'autem', 'In ab explicabo vero eum unde. Modi incidunt dolor illo. Animi sequi est velit placeat nulla. Laboriosam nesciunt quo cupiditate minima corporis expedita cum ut.', 871, 6, 21, '2021-05-14 02:10:41', '2021-05-14 02:10:41'),
(38, 'suscipit', 'Odio quidem et quia veniam reiciendis et debitis. Alias et et placeat beatae cupiditate rerum reprehenderit.', 242, 2, 21, '2021-05-14 02:10:41', '2021-05-14 02:10:41'),
(39, 'accusamus', 'Eos vel consequatur ut aliquam sunt et. Laboriosam eum expedita autem inventore velit.', 710, 2, 27, '2021-05-14 02:10:41', '2021-05-14 02:10:41'),
(40, 'sed', 'Sed laboriosam expedita esse necessitatibus. Et aliquid qui sint fugit. Laborum totam expedita quae.', 728, 9, 25, '2021-05-14 02:10:41', '2021-05-14 02:10:41'),
(41, 'cupiditate', 'Ut possimus magnam dolorem. Sint ea quo reiciendis sequi explicabo. Atque quod ut molestias qui quos saepe quo. Atque numquam temporibus reiciendis eveniet aut corrupti sint.', 551, 1, 19, '2021-05-14 02:10:41', '2021-05-14 02:10:41'),
(42, 'molestias', 'Inventore fugiat commodi voluptatibus molestias officiis blanditiis. Alias repellat in perspiciatis earum. Harum voluptatem animi eum repellendus labore soluta.', 811, 7, 23, '2021-05-14 02:10:41', '2021-05-14 02:10:41'),
(43, 'porro', 'Ut laborum fugit ut rerum est. Voluptatibus assumenda et aut nulla. Nesciunt aut sequi ut ab praesentium iure sit. Dolor laboriosam vero iste fugiat voluptatem.', 563, 8, 20, '2021-05-14 02:10:41', '2021-05-14 02:10:41'),
(44, 'nemo', 'Aut officia suscipit debitis non voluptatibus vitae fugiat. Qui consequatur laboriosam nihil. Dolores officiis sunt ut quia aut et.', 251, 7, 21, '2021-05-14 02:10:41', '2021-05-14 02:10:41'),
(45, 'in', 'Non corporis delectus aut dolor error quisquam magnam. Pariatur optio quis in excepturi soluta rerum. A dicta hic nulla quidem numquam praesentium.', 718, 6, 3, '2021-05-14 02:10:41', '2021-05-14 02:10:41'),
(46, 'distinctio', 'Dignissimos a est praesentium quia repudiandae excepturi. Eaque maiores sunt dicta ex vero qui qui quia. Qui sunt rerum at in consequuntur. Rerum autem ad ducimus doloribus aliquam voluptatibus.', 665, 9, 29, '2021-05-14 02:10:41', '2021-05-14 02:10:41'),
(47, 'itaque', 'Ratione aut adipisci tempore dolor sapiente. Aliquid esse quidem eligendi perspiciatis sapiente laboriosam et. Porro recusandae error illum. Nihil nihil reiciendis culpa ipsam et ad fuga. Voluptatum voluptas quia accusantium animi exercitationem sunt ratione maxime.', 552, 0, 6, '2021-05-14 02:10:41', '2021-05-14 02:10:41'),
(48, 'fugiat', 'Enim odio ut facere. Placeat occaecati consectetur neque fugiat voluptatum. Quisquam repellendus eos quaerat voluptatem. Cum possimus odit non culpa ex et.', 933, 0, 12, '2021-05-14 02:10:41', '2021-05-14 02:10:41'),
(49, 'qui', 'Itaque libero similique beatae aut fugit. Ipsum unde asperiores quibusdam magni ea. Vitae aut delectus ea velit perspiciatis officia porro quasi. Vel ea maiores nam enim itaque.', 599, 5, 16, '2021-05-14 02:10:41', '2021-05-14 02:10:41'),
(50, 'ab', 'Omnis omnis cumque illum perspiciatis aperiam animi. Eligendi porro autem laudantium cumque dolorum asperiores. Et possimus et tempora odio aut recusandae odio. Aut voluptate laboriosam eveniet eos ducimus voluptate in aut. Quia deserunt molestias harum aut sit nostrum quae.', 699, 2, 9, '2021-05-14 02:10:41', '2021-05-14 02:10:41'),
(51, 'possimus', 'Laudantium ex aperiam quam voluptate id dolorem at. Quo consectetur in magni excepturi cupiditate nostrum. Tenetur doloremque autem iste esse aperiam. Veniam et sed aut officia quisquam earum.', 267, 0, 9, '2021-05-14 02:10:41', '2021-05-14 02:10:41'),
(52, 'qui', 'Est ullam et placeat ea. Aliquid aut quibusdam quidem harum culpa. Eos illum unde quae et dicta consequatur debitis.', 868, 9, 28, '2021-05-14 02:10:41', '2021-05-14 02:10:41'),
(53, 'culpa', 'Deserunt quas rem cupiditate qui dolore alias. Accusamus excepturi et et ea illo. Fugiat neque vel voluptatibus corporis. Explicabo beatae at labore a impedit quas.', 973, 7, 14, '2021-05-14 02:10:41', '2021-05-14 02:10:41'),
(54, 'libero', 'Nobis at dolores laboriosam corporis aut. Saepe ut et veritatis earum a inventore. Maiores nam ipsam illo sapiente ab quia. Perspiciatis ipsa omnis culpa sed.', 611, 3, 12, '2021-05-14 02:10:41', '2021-05-14 02:10:41'),
(55, 'et', 'Incidunt quasi eius cum magnam rerum. Id reiciendis quisquam doloremque reiciendis aut nisi. Nihil eum in amet dolorum cum ut qui. Quia sit explicabo dicta non et.', 381, 1, 20, '2021-05-14 02:10:41', '2021-05-14 02:10:41'),
(56, 'et', 'Laudantium velit distinctio sit nam id. Veritatis veritatis nobis et et. Ut illum sit et voluptatum reiciendis dolorem. Autem reprehenderit similique mollitia qui.', 556, 3, 10, '2021-05-14 02:10:41', '2021-05-14 02:10:41'),
(57, 'voluptatibus', 'Impedit est mollitia modi aut nemo aut totam. Optio voluptatem ullam asperiores. Beatae aperiam dolor soluta vitae aut sed nulla. Veniam iure dolores est recusandae.', 416, 7, 9, '2021-05-14 02:10:41', '2021-05-14 02:10:41'),
(58, 'pariatur', 'Nam aut et aliquam sit et. Distinctio rerum itaque ad. Qui excepturi nostrum voluptatum nisi rem sint et. Et hic minus molestiae numquam ullam.', 605, 4, 22, '2021-05-14 02:10:41', '2021-05-14 02:10:41'),
(59, 'exercitationem', 'Nihil sunt sed qui non id omnis nulla. Necessitatibus quaerat et tempora deleniti qui. Debitis nisi libero sequi quo tempora a. Veritatis asperiores minima repellat est vero corrupti. Odio sint et ut.', 111, 1, 28, '2021-05-14 02:10:42', '2021-05-14 02:10:42'),
(60, 'temporibus', 'At distinctio et qui cupiditate consectetur id consequatur eum. Et odio unde incidunt ut iusto praesentium. Accusamus aspernatur quam hic ut est. Et commodi nobis et.', 494, 8, 4, '2021-05-14 02:10:42', '2021-05-14 02:10:42'),
(61, 'qui', 'Necessitatibus ut ab aut est enim. Optio nobis velit quasi ut quaerat dolores aut. Laudantium iure dolores impedit et nisi voluptatum et magni. Quae alias quia odit earum quam.', 469, 5, 25, '2021-05-14 02:10:42', '2021-05-14 02:10:42'),
(62, 'alias', 'Vero dolorem necessitatibus ad. Est dolorum ad dolor alias. Et quos magnam eos reprehenderit.', 227, 6, 2, '2021-05-14 02:10:42', '2021-05-14 02:10:42'),
(63, 'ut', 'Sed dolores suscipit doloribus consequatur dolorem. Vel maiores corrupti eius. Harum minus consectetur at dignissimos accusantium.', 353, 9, 19, '2021-05-14 02:10:42', '2021-05-14 02:10:42'),
(64, 'illo', 'Libero illum repellat ut sit enim aut. Nihil blanditiis dolore voluptatem odit asperiores. Quisquam in praesentium iste veniam.', 320, 3, 7, '2021-05-14 02:10:42', '2021-05-14 02:10:42'),
(65, 'ut', 'Omnis repudiandae debitis possimus. Quia laudantium ut mollitia excepturi provident est. Est magnam consequatur est ratione.', 682, 5, 19, '2021-05-14 02:10:42', '2021-05-14 02:10:42'),
(66, 'accusamus', 'Veniam et nesciunt eaque ab vitae enim. Nam aut vel ipsum voluptatibus ratione. Nobis sequi repellat eum magnam dicta iusto tempora eum.', 326, 5, 14, '2021-05-14 02:10:42', '2021-05-14 02:10:42'),
(67, 'consectetur', 'Quisquam ex delectus et nihil. Odit ut aut cupiditate consequatur ut eaque fugit. Unde quo corporis sit sapiente laboriosam. Ut iure qui rerum amet. Eaque veniam nam harum.', 773, 9, 24, '2021-05-14 02:10:42', '2021-05-14 02:10:42'),
(68, 'nostrum', 'Fugiat facilis qui quisquam numquam autem. Fugiat et iste ratione ea. Odit aut quod odio nesciunt blanditiis sapiente consequatur dolorum. Perspiciatis possimus repudiandae dolores nihil.', 529, 7, 13, '2021-05-14 02:10:42', '2021-05-14 02:10:42'),
(69, 'sapiente', 'At rerum corrupti magnam. Aut saepe sunt et est cum. Molestias reiciendis libero in reiciendis dolorem rerum iusto aliquid. Neque quia ipsam possimus iusto repudiandae et odit.', 923, 5, 11, '2021-05-14 02:10:42', '2021-05-14 02:10:42'),
(70, 'unde', 'Vitae aut consequatur aliquid assumenda sed. Velit omnis ratione voluptatem. Repellendus quisquam quia officiis ullam amet culpa laboriosam. Nostrum doloremque in deleniti culpa sint. Sint consectetur totam vitae fugiat provident.', 413, 0, 20, '2021-05-14 02:10:42', '2021-05-14 02:10:42'),
(71, 'et', 'Dolor aut sint voluptatem voluptatem. Architecto soluta et ut accusamus est. Ipsum ipsam est qui accusantium suscipit. Qui amet eaque et aliquid atque non molestias.', 202, 6, 27, '2021-05-14 02:10:42', '2021-05-14 02:10:42'),
(72, 'quisquam', 'Consequatur voluptatum et unde facilis et molestiae eveniet. Et necessitatibus numquam laboriosam sit. Nisi dolores id nobis atque beatae rerum. Alias ut numquam adipisci vitae quia et. Mollitia consequatur ad autem voluptatem quasi aut.', 205, 4, 10, '2021-05-14 02:10:42', '2021-05-14 02:10:42'),
(73, 'dolore', 'Officiis sunt sunt explicabo architecto aliquid suscipit inventore. Ab repellat ea minima repellat perspiciatis nesciunt. Officiis ipsam repudiandae inventore doloribus delectus autem ut tempora.', 473, 3, 4, '2021-05-14 02:10:42', '2021-05-14 02:10:42'),
(74, 'repudiandae', 'Aut ut beatae alias sit. Ipsam dolores qui eos sit quos. Omnis nobis aut quo autem velit.', 767, 3, 25, '2021-05-14 02:10:42', '2021-05-14 02:10:42'),
(75, 'nemo', 'Laboriosam quas cum magni rerum numquam expedita itaque. Magni eligendi et repellendus labore quidem reiciendis voluptas. Facilis eveniet enim aut rem ea consequatur.', 560, 8, 5, '2021-05-14 02:10:42', '2021-05-14 02:10:42'),
(76, 'sed', 'Ex suscipit et commodi rerum aspernatur quisquam. Nostrum sunt id aut. Qui perspiciatis ut voluptas praesentium sit illum ipsa. Eaque quisquam tempore dignissimos qui.', 590, 1, 29, '2021-05-14 02:10:42', '2021-05-14 02:10:42'),
(77, 'odio', 'Quis voluptas vel quibusdam quod inventore et. Sed reprehenderit ut reiciendis omnis. Nobis inventore et nam architecto veritatis nam neque.', 997, 6, 27, '2021-05-14 02:10:42', '2021-05-14 02:10:42'),
(78, 'doloribus', 'Optio culpa odit voluptatibus alias ad voluptatibus. Non eos ut nulla sit dolorem temporibus. Officia omnis ut porro pariatur soluta esse veniam. Voluptates consectetur saepe magnam nisi explicabo blanditiis. Omnis aliquid soluta quia necessitatibus rerum aut voluptate nobis.', 919, 1, 17, '2021-05-14 02:10:42', '2021-05-14 02:10:42'),
(79, 'accusantium', 'Molestias neque odio et temporibus aliquid ipsum. Voluptas est voluptatibus provident quas quisquam magnam. Voluptas consequuntur magni mollitia ducimus dicta iste similique assumenda. Reprehenderit dicta corporis aut adipisci eos optio. Illo sit nihil ut deleniti aut beatae autem.', 902, 4, 2, '2021-05-14 02:10:42', '2021-05-14 02:10:42'),
(80, 'aspernatur', 'Laboriosam esse dignissimos voluptatem nam neque odio voluptatem quos. Accusamus nesciunt exercitationem qui et iure aut. Perferendis ad eveniet magnam neque dolor ut vero.', 755, 6, 2, '2021-05-14 02:10:43', '2021-05-14 02:10:43'),
(81, 'eos', 'Ut cupiditate quos asperiores dolor. In id est corporis. Nostrum vel voluptas voluptatem voluptatum consequatur incidunt.', 910, 7, 21, '2021-05-14 02:10:43', '2021-05-14 02:10:43'),
(82, 'voluptatem', 'Nostrum ipsam facere necessitatibus. Placeat rerum nesciunt cum quis accusamus eos. Laborum reiciendis autem tempore omnis.', 939, 5, 26, '2021-05-14 02:10:43', '2021-05-14 02:10:43'),
(83, 'commodi', 'Ex consequatur eaque dignissimos. Accusantium dolore facilis quaerat quo ipsam error facere. Laboriosam molestias ut voluptas. Explicabo id molestias odit necessitatibus illum. Saepe aliquid tempora qui quam.', 321, 7, 24, '2021-05-14 02:10:43', '2021-05-14 02:10:43'),
(84, 'quis', 'Modi provident explicabo eos repellendus quo. Quia provident tempore id suscipit ea dolores. Quaerat dolorem illum consequatur.', 759, 6, 17, '2021-05-14 02:10:43', '2021-05-14 02:10:43'),
(85, 'sit', 'Voluptas officiis omnis maxime aliquam iure numquam. Aut culpa molestiae enim quam voluptatem voluptates nihil magni. Quidem dicta accusamus incidunt ut.', 672, 4, 25, '2021-05-14 02:10:43', '2021-05-14 02:10:43'),
(86, 'qui', 'Quia odit sunt distinctio iure facilis. Laudantium et rerum corrupti perspiciatis quia consequatur. Reiciendis officia consequuntur sapiente velit aut.', 762, 7, 27, '2021-05-14 02:10:43', '2021-05-14 02:10:43'),
(87, 'quibusdam', 'Aut laborum aut praesentium eveniet deleniti aut cupiditate consequatur. Qui quis voluptate dolor dicta. Et aut repellendus velit similique et tenetur facere. Similique exercitationem blanditiis at repellendus exercitationem voluptatem.', 222, 3, 24, '2021-05-14 02:10:43', '2021-05-14 02:10:43'),
(88, 'quidem', 'Voluptatem nobis illo qui similique et qui repudiandae. Porro et quaerat qui nobis consequatur voluptatem. Qui molestias et quia commodi.', 152, 2, 30, '2021-05-14 02:10:43', '2021-05-14 02:10:43'),
(89, 'assumenda', 'Quisquam repellat ipsum beatae dolor laboriosam omnis. Veniam consectetur vel occaecati sequi et sit. Velit aliquam qui ut hic asperiores officia ut.', 338, 8, 3, '2021-05-14 02:10:43', '2021-05-14 02:10:43'),
(90, 'esse', 'Quas ipsum illum repellat perspiciatis. Ut aut veritatis id aut. Illo eius praesentium aliquid repellat rerum corporis.', 956, 9, 11, '2021-05-14 02:10:43', '2021-05-14 02:10:43'),
(91, 'asperiores', 'Nesciunt quos et repellat eum. Esse et ut numquam amet magnam. Odit et placeat fuga vitae veritatis occaecati. Quos aut delectus ratione sequi non in qui.', 598, 2, 11, '2021-05-14 02:10:43', '2021-05-14 02:10:43'),
(92, 'commodi', 'Voluptatem eaque sunt ut dolor. Vero amet laborum dolore mollitia. Qui aut quo est temporibus sapiente quas.', 974, 8, 21, '2021-05-14 02:10:43', '2021-05-14 02:10:43'),
(93, 'et', 'Corrupti cum et aut cumque amet delectus. Est ut repellat molestiae harum fugit. Dolorum sit recusandae sequi qui nihil.', 596, 0, 5, '2021-05-14 02:10:43', '2021-05-14 02:10:43'),
(94, 'fugit', 'A voluptatum dolore labore voluptatem. Explicabo dolorem modi inventore. Temporibus adipisci ut quis.', 488, 9, 17, '2021-05-14 02:10:43', '2021-05-14 02:10:43'),
(95, 'non', 'Aut modi esse nemo maxime facere. Ipsum voluptatibus enim magni. Voluptatem provident sed in officiis in quae. Corrupti veniam explicabo facere aut.', 105, 5, 26, '2021-05-14 02:10:43', '2021-05-14 02:10:43'),
(96, 'eum', 'Dolorem beatae dolor dicta ex incidunt. Autem vitae et id quam non id voluptatem excepturi. Qui non eaque nisi quaerat qui. Quam expedita ut nihil sint eum.', 295, 0, 8, '2021-05-14 02:10:43', '2021-05-14 02:10:43'),
(97, 'accusantium', 'Consequatur non mollitia illo quibusdam quia. Omnis voluptates nihil aliquam in sed. Debitis adipisci quia quisquam magni perferendis odio consequuntur.', 835, 5, 6, '2021-05-14 02:10:43', '2021-05-14 02:10:43'),
(98, 'dignissimos', 'Veritatis et quia ut tenetur autem officia. Unde enim magni nostrum non. Vel voluptates tempore neque cum aliquam. Non itaque et ut beatae.', 410, 1, 20, '2021-05-14 02:10:43', '2021-05-14 02:10:43'),
(99, 'quia', 'Corporis perspiciatis mollitia illum quia praesentium. Molestiae corrupti consequatur expedita doloribus. Ut natus qui saepe in aliquam.', 701, 3, 9, '2021-05-14 02:10:43', '2021-05-14 02:10:43'),
(100, 'atque', 'Aut fuga sint culpa sequi illo aut accusamus. Reprehenderit quidem fugiat cumque non qui voluptatem maxime. Sequi commodi ut asperiores consequatur similique tenetur enim.', 294, 8, 25, '2021-05-14 02:10:43', '2021-05-14 02:10:43'),
(101, 'assumenda', 'Ex commodi libero quae veritatis. Iste fuga id voluptas rem dolor et quis. Temporibus voluptatem voluptas inventore enim quibusdam fuga.', 468, 1, 7, '2021-05-14 02:11:53', '2021-05-14 02:11:53'),
(102, 'ut', 'Consequatur possimus ut sint ab ut consequatur rerum. Animi id commodi nostrum nihil dolorum. Et et enim laborum dolore quia. Error et voluptates modi voluptatibus dicta saepe.', 451, 8, 30, '2021-05-14 02:11:53', '2021-05-14 02:11:53'),
(103, 'sit', 'Officiis ad ut eos facilis facere nihil et maiores. Dolores harum possimus eligendi aut. Consequatur sunt numquam beatae maxime. Dolorem aut voluptatem id.', 436, 4, 8, '2021-05-14 02:11:53', '2021-05-14 02:11:53'),
(104, 'error', 'Vel distinctio voluptates et neque eos perferendis velit. Ipsam dicta repellat nam exercitationem. Beatae architecto repellat doloremque ratione inventore culpa. Sunt aut beatae et neque magni pariatur sed. Ex ut maxime id omnis veritatis eum.', 684, 8, 3, '2021-05-14 02:11:53', '2021-05-14 02:11:53'),
(105, 'vero', 'Rerum minus sit eaque corporis labore eum qui voluptatum. Quasi magnam debitis soluta voluptatibus tempore. Porro cupiditate commodi iste qui distinctio eaque pariatur. Voluptatem nobis voluptas voluptatem quisquam.', 364, 2, 10, '2021-05-14 02:11:53', '2021-05-14 02:11:53'),
(106, 'quos', 'Vel corrupti doloremque unde ea consequuntur quia excepturi. Quibusdam consequatur distinctio quo harum.', 351, 1, 8, '2021-05-14 02:11:53', '2021-05-14 02:11:53'),
(107, 'dolores', 'Eos id blanditiis consequuntur. Dolor maxime sed distinctio voluptate. Iste earum asperiores atque deserunt non voluptas amet.', 230, 6, 16, '2021-05-14 02:11:53', '2021-05-14 02:11:53'),
(108, 'laboriosam', 'Consequatur eius quibusdam expedita voluptas fugit aut. Tempora odit animi odio ab voluptas. Et id deserunt eum id. Repudiandae culpa ut et soluta ex quia nemo.', 625, 3, 16, '2021-05-14 02:11:53', '2021-05-14 02:11:53'),
(109, 'possimus', 'Repudiandae totam laudantium facere. Itaque ea omnis tenetur possimus consequatur. Illo reprehenderit reiciendis neque non. Fuga saepe dolorum est et reprehenderit esse mollitia.', 591, 2, 14, '2021-05-14 02:11:54', '2021-05-14 02:11:54'),
(110, 'sed', 'At rem et dignissimos fugiat error omnis dolor. Natus dolores aut dolores sed dolore rem rerum accusamus. Ut laudantium fugit nesciunt harum voluptate ut aut iusto. Nemo consequatur tempora laudantium dignissimos dolores in.', 862, 3, 6, '2021-05-14 02:11:54', '2021-05-14 02:11:54'),
(111, 'est', 'Temporibus consequatur qui velit rerum quidem expedita aut. Praesentium quia voluptatem quis delectus et quaerat vel. Adipisci sit cupiditate illum molestias eum odio a.', 691, 9, 24, '2021-05-14 02:11:54', '2021-05-14 02:11:54'),
(112, 'eius', 'Non id ducimus cumque quidem. Ea maiores pariatur officia rem. Recusandae sequi omnis qui et libero sit ipsum.', 660, 3, 11, '2021-05-14 02:11:54', '2021-05-14 02:11:54'),
(113, 'voluptatibus', 'Et earum beatae porro sint quia. Quo aspernatur fugiat quaerat suscipit. Rerum officiis sed ipsa qui deserunt placeat impedit. Iusto ipsam aut inventore dolorum qui error ipsum. Et dolores suscipit quia molestiae.', 553, 3, 12, '2021-05-14 02:11:54', '2021-05-14 02:11:54'),
(114, 'illo', 'Omnis dolorum cumque adipisci corrupti non quia earum cumque. Nobis placeat sed atque rem eius beatae. Ea quia aperiam nihil ducimus quis illum sit sed. Corrupti aperiam ut consequuntur eaque corporis perspiciatis nam.', 103, 4, 11, '2021-05-14 02:11:54', '2021-05-14 02:11:54'),
(115, 'sint', 'Facere quae perferendis nostrum aspernatur praesentium. Nisi magni officiis cum autem ullam temporibus. Magni rerum et cum quaerat consequatur impedit distinctio.', 930, 5, 27, '2021-05-14 02:11:54', '2021-05-14 02:11:54'),
(116, 'sint', 'Sunt architecto autem tempora ipsa quia et et. Vitae quidem ea eum voluptate tempora non. Rerum non natus rerum qui et perspiciatis ab. Saepe atque et voluptates aut autem incidunt eius.', 805, 9, 11, '2021-05-14 02:11:54', '2021-05-14 02:11:54'),
(117, 'in', 'Ad voluptatum atque ut dolores quis occaecati est. Atque vero cum aliquam magni.', 698, 4, 30, '2021-05-14 02:11:54', '2021-05-14 02:11:54'),
(118, 'explicabo', 'Veniam numquam deleniti ut fugiat maiores ipsum sit. Et repellendus non eaque. Voluptatem reprehenderit quos et quaerat et. Est sint molestiae est quia.', 444, 1, 30, '2021-05-14 02:11:54', '2021-05-14 02:11:54'),
(119, 'quis', 'Ut blanditiis unde facere officiis optio. Sed fuga occaecati rerum blanditiis quia voluptates. Id dolorem blanditiis cumque enim id consequuntur. Modi assumenda dolores deleniti eius.', 625, 0, 24, '2021-05-14 02:11:54', '2021-05-14 02:11:54'),
(120, 'molestias', 'Ut numquam minima nihil debitis nihil. At totam natus itaque. Velit similique magnam et quod. Id doloribus atque a voluptate.', 433, 9, 14, '2021-05-14 02:11:54', '2021-05-14 02:11:54'),
(121, 'quam', 'Voluptas aliquam cumque eos maiores ducimus. Animi temporibus quidem cum vitae sed qui rem. Culpa doloribus aspernatur quis nemo eius. Nisi accusamus iure reiciendis molestiae sed.', 751, 3, 7, '2021-05-14 02:11:54', '2021-05-14 02:11:54'),
(122, 'sed', 'Recusandae impedit omnis perspiciatis ea quia voluptate. Tenetur nesciunt quam corrupti. Voluptatum voluptatem dolorem ea. Et corporis recusandae eos molestiae.', 837, 4, 5, '2021-05-14 02:11:54', '2021-05-14 02:11:54'),
(123, 'possimus', 'Commodi qui odit laborum et nulla iure. Eum sed ratione itaque deserunt nulla unde sit. Aut sit exercitationem dolorem autem non ipsum quo.', 607, 5, 21, '2021-05-14 02:11:54', '2021-05-14 02:11:54'),
(124, 'sit', 'Et maiores velit et sapiente accusamus enim iste rem. Suscipit ipsam deleniti amet vero laudantium aut. Veniam suscipit vitae ratione fuga voluptas incidunt. Earum sint nostrum numquam et non. Aut earum voluptates eum consequatur culpa pariatur recusandae.', 785, 9, 13, '2021-05-14 02:11:54', '2021-05-14 02:11:54'),
(125, 'vel', 'Reiciendis debitis aut molestiae modi fugit. Voluptatem ipsa ut sit qui architecto. Necessitatibus nihil hic optio est ad.', 377, 5, 21, '2021-05-14 02:11:54', '2021-05-14 02:11:54'),
(126, 'quod', 'In perferendis et a in minus possimus. Ratione omnis sed sit quidem. Et ipsum ut itaque nesciunt. Rerum ut soluta doloribus sequi.', 406, 6, 30, '2021-05-14 02:11:54', '2021-05-14 02:11:54'),
(127, 'dolore', 'Qui officia laborum ipsam quo sit aliquid sunt. Rerum reiciendis alias odit nobis. Ut id nam ducimus. In dolorum nihil rem neque ipsum quas.', 244, 7, 26, '2021-05-14 02:11:54', '2021-05-14 02:11:54'),
(128, 'nemo', 'Sunt sed doloremque commodi enim eos omnis. Est officiis quia magni quo.', 844, 7, 26, '2021-05-14 02:11:54', '2021-05-14 02:11:54'),
(129, 'voluptate', 'Ratione sint odit similique et. Est quam magnam sint amet sed. Minus ad optio aut perspiciatis.', 648, 8, 25, '2021-05-14 02:11:54', '2021-05-14 02:11:54'),
(130, 'mollitia', 'Qui quod labore vel repudiandae ex voluptas. Ipsam ullam recusandae rerum aut quia quia. Soluta nesciunt est sint esse accusamus error.', 495, 7, 3, '2021-05-14 02:11:54', '2021-05-14 02:11:54'),
(131, 'impedit', 'Commodi qui natus et maxime. Vel ratione quidem ipsam expedita commodi nemo. Dicta blanditiis quia perferendis enim est veniam. Voluptas quibusdam quidem cumque alias sed est aperiam.', 806, 5, 20, '2021-05-14 02:11:54', '2021-05-14 02:11:54'),
(132, 'a', 'Numquam ea sint in sunt maiores magnam rem. Quia a cum ducimus quaerat et minus. Ea nihil natus dolore dicta quis. Accusantium rem perferendis ullam impedit mollitia.', 237, 6, 20, '2021-05-14 02:11:54', '2021-05-14 02:11:54'),
(133, 'alias', 'Et porro officia itaque quo qui est ab. Dicta harum voluptas non non atque.', 773, 2, 27, '2021-05-14 02:11:54', '2021-05-14 02:11:54'),
(134, 'recusandae', 'Voluptate ut illum dicta. Doloribus expedita et mollitia. Blanditiis fuga sit et vitae. Facilis aliquam vel nemo.', 742, 5, 8, '2021-05-14 02:11:54', '2021-05-14 02:11:54'),
(135, 'id', 'Ratione vel officiis animi at ullam hic. Assumenda magni nobis et reprehenderit delectus odit. Sed voluptatum sit aut nulla asperiores officiis. Nobis molestiae est qui nisi omnis pariatur sequi.', 688, 8, 14, '2021-05-14 02:11:54', '2021-05-14 02:11:54'),
(136, 'quasi', 'Omnis laudantium rerum impedit sequi aut eligendi ut. Aperiam vero ullam vel voluptatem. Ipsum aliquid enim dolores maxime ut commodi nostrum maiores. Numquam quia necessitatibus et hic quisquam.', 855, 5, 11, '2021-05-14 02:11:54', '2021-05-14 02:11:54'),
(137, 'sed', 'Velit accusantium nemo ea ipsa quo nam tenetur. Excepturi totam a possimus sunt maiores pariatur. Est alias explicabo quia quae modi eius sunt inventore. Itaque mollitia perferendis quasi consectetur quis.', 122, 0, 25, '2021-05-14 02:11:54', '2021-05-14 02:11:54'),
(138, 'qui', 'Dolor est dolores quo ea. Repellendus deserunt quae aut accusantium consectetur. Dolorem eligendi fugiat id velit aut nihil eius. Excepturi ea aspernatur placeat.', 791, 4, 28, '2021-05-14 02:11:54', '2021-05-14 02:11:54'),
(139, 'inventore', 'Ullam unde velit est ipsa earum vero. Reiciendis velit aperiam qui est fuga eaque. Ullam voluptate in atque culpa non minus cum at. Enim et doloribus unde et maiores.', 231, 2, 14, '2021-05-14 02:11:55', '2021-05-14 02:11:55'),
(140, 'voluptatem', 'Recusandae mollitia voluptate voluptates est pariatur. Natus soluta et quibusdam quas doloribus ut iure illo. Qui fuga fuga laborum numquam in. Quis non dolor et qui necessitatibus animi quae.', 443, 8, 19, '2021-05-14 02:11:55', '2021-05-14 02:11:55'),
(141, 'atque', 'Voluptatum et et magni saepe corrupti ut aliquam quam. Exercitationem voluptas qui aut ducimus. Repudiandae omnis sunt fugiat et.', 965, 1, 10, '2021-05-14 02:11:55', '2021-05-14 02:11:55'),
(142, 'ipsam', 'Consequuntur similique et unde placeat labore. Consequuntur et facere officia explicabo dolores optio dignissimos. At eos aspernatur repudiandae eaque dolor. Asperiores ex autem ut earum.', 783, 1, 4, '2021-05-14 02:11:55', '2021-05-14 02:11:55'),
(143, 'omnis', 'Quia eos eum doloremque facilis inventore exercitationem. Deleniti dolor quis eligendi laudantium quis ut vel quam. At sed id inventore qui nemo.', 817, 3, 26, '2021-05-14 02:11:55', '2021-05-14 02:11:55'),
(144, 'sed', 'Totam repudiandae a sunt nisi nemo quisquam. Veritatis animi dolores quia commodi esse officiis. Repudiandae est et quas et harum laboriosam at. Expedita quis harum tenetur illum facilis aut laboriosam facere.', 218, 4, 15, '2021-05-14 02:11:55', '2021-05-14 02:11:55'),
(145, 'dolor', 'Non et velit beatae reiciendis. Ullam blanditiis iure officia eum repellendus saepe. Et quo sit vero quis vel et ex ducimus. Officia unde iste ullam consequatur. Aut eveniet accusantium nostrum velit.', 268, 3, 2, '2021-05-14 02:11:55', '2021-05-14 02:11:55'),
(146, 'beatae', 'Consequatur asperiores libero similique ad sed distinctio. Animi architecto officiis vel eligendi fuga sapiente eum. Rerum sequi vitae odio beatae porro natus debitis. Aut nesciunt aut excepturi qui porro illo adipisci non.', 944, 0, 20, '2021-05-14 02:11:55', '2021-05-14 02:11:55'),
(147, 'est', 'Sunt dicta perferendis vero nam aut. Possimus accusantium accusamus sed harum dolor ullam qui. Velit quod dolores id ducimus eveniet eum. Officia consequuntur temporibus iusto et eveniet.', 860, 9, 4, '2021-05-14 02:11:55', '2021-05-14 02:11:55'),
(148, 'veniam', 'Sed et debitis distinctio error. Impedit sequi error rerum porro ipsam. Accusantium deserunt ut nihil repellat aperiam. Laborum aut quia minus voluptates modi saepe pariatur.', 972, 5, 15, '2021-05-14 02:11:55', '2021-05-14 02:11:55'),
(149, 'vel', 'Excepturi voluptatem aliquid ducimus exercitationem sunt magnam dignissimos. Praesentium voluptatem assumenda alias laborum reprehenderit vero. Voluptatem quasi corrupti dolor ullam quis eum.', 138, 0, 17, '2021-05-14 02:11:55', '2021-05-14 02:11:55'),
(150, 'ut', 'Exercitationem veritatis harum voluptas. Quam non omnis aut repudiandae dolorem quisquam laborum. Aperiam velit vitae dignissimos accusantium. Commodi suscipit voluptate totam magni exercitationem ullam.', 412, 8, 25, '2021-05-14 02:11:55', '2021-05-14 02:11:55'),
(151, 'quo', 'Consequatur eum laudantium aut soluta nostrum. Eaque velit ipsa sed eos. Itaque aut qui distinctio. Repellat quos aut enim et sint.', 377, 8, 27, '2021-05-14 02:11:55', '2021-05-14 02:11:55'),
(152, 'totam', 'Provident ullam rem ipsam nemo. Recusandae magnam cumque doloremque ut architecto harum laborum. Rerum provident cupiditate laudantium quam perspiciatis ut.', 999, 4, 8, '2021-05-14 02:11:55', '2021-05-14 02:11:55'),
(153, 'voluptatem', 'Facere possimus quia tempora quo sint sequi et. Veniam dolores sequi rerum tempora tempore ut eum.', 841, 7, 14, '2021-05-14 02:11:55', '2021-05-14 02:11:55'),
(154, 'ducimus', 'Commodi repellendus quos dolorum sint vero. Est expedita nihil quibusdam et quidem. Sed adipisci sit veniam.', 966, 6, 18, '2021-05-14 02:11:55', '2021-05-14 02:11:55'),
(155, 'et', 'Vitae tenetur aut expedita adipisci eos molestias quam. Tempora omnis qui amet inventore a totam. Temporibus nihil totam ad. Nulla quasi est aspernatur excepturi.', 518, 2, 25, '2021-05-14 02:11:55', '2021-05-14 02:11:55'),
(156, 'est', 'Omnis quia aut non reprehenderit aut. Occaecati debitis ullam debitis. Soluta quia amet tempore deleniti. Et dicta eaque nulla praesentium. Sunt et quam quibusdam quia cupiditate vel.', 566, 6, 4, '2021-05-14 02:11:55', '2021-05-14 02:11:55'),
(157, 'qui', 'Non excepturi recusandae in iste dolorum. Qui autem vel quo exercitationem. Dolorem ut rerum qui consectetur quia consequatur qui officiis. Provident non eum illo sed. Omnis consectetur amet nihil qui quas ut.', 157, 8, 13, '2021-05-14 02:11:55', '2021-05-14 02:11:55'),
(158, 'laboriosam', 'Officiis et repellendus ut non veniam vel corporis vel. Cum dolor consectetur eum est. Tempore omnis sit magni id sunt ad commodi.', 215, 3, 19, '2021-05-14 02:11:55', '2021-05-14 02:11:55'),
(159, 'sed', 'Et aut ipsum maiores est. Sed reprehenderit et est hic error porro dolorum. Voluptatem aut odit aperiam quo rerum. Maiores nostrum sit aut error.', 153, 2, 23, '2021-05-14 02:11:55', '2021-05-14 02:11:55'),
(160, 'voluptatum', 'Aut fuga ducimus hic repudiandae omnis. Dolorem illum dolores iusto. Dolor natus minus eius qui rerum. Blanditiis et occaecati vitae sint placeat velit.', 710, 3, 16, '2021-05-14 02:11:56', '2021-05-14 02:11:56'),
(161, 'similique', 'Aliquid nobis perspiciatis commodi et id accusantium fuga. Tempora qui est occaecati accusamus similique quo ullam. Qui quae corporis accusamus et. Ut debitis optio id voluptates esse unde delectus et.', 888, 7, 6, '2021-05-14 02:11:56', '2021-05-14 02:11:56'),
(162, 'quisquam', 'Laborum doloribus quibusdam perspiciatis iure. Dolor qui quos voluptatibus consectetur est error odio. Pariatur et saepe assumenda necessitatibus facilis possimus. Explicabo amet soluta eum ut.', 701, 1, 14, '2021-05-14 02:11:56', '2021-05-14 02:11:56'),
(163, 'temporibus', 'Mollitia qui vel ut et magnam. Repellendus blanditiis sed fugiat assumenda. Ullam minus porro corrupti laudantium consequatur vitae qui. Est debitis itaque est est. Debitis rerum minus ut et error quia nobis libero.', 154, 4, 26, '2021-05-14 02:11:56', '2021-05-14 02:11:56'),
(164, 'mollitia', 'Qui neque ut natus cupiditate quaerat. Molestiae beatae sapiente autem mollitia totam omnis ad et. Dicta facilis temporibus repellat ipsam nihil. Cum explicabo molestiae laboriosam omnis consequatur vitae vitae. Est sint quia animi velit animi earum facilis.', 609, 4, 6, '2021-05-14 02:11:56', '2021-05-14 02:11:56'),
(165, 'ipsa', 'Amet quo quidem harum qui. Modi provident ratione distinctio autem doloremque. Sed quam voluptatum vel natus eos et. Et aperiam quam modi tenetur. Et recusandae nam omnis illo mollitia saepe corporis.', 632, 4, 27, '2021-05-14 02:11:56', '2021-05-14 02:11:56'),
(166, 'voluptatibus', 'Eos ullam deleniti nisi consequatur officia. Ea nobis velit numquam fugiat ea molestiae voluptatem. Id rerum voluptatem excepturi eius non ipsum asperiores. Quo numquam nobis dolor. Quam voluptas vitae molestias nostrum vel id eos eaque.', 268, 1, 18, '2021-05-14 02:11:56', '2021-05-14 02:11:56'),
(167, 'sequi', 'Dolor ut doloremque sit sit et repellendus. Natus earum velit autem aliquam vel qui sit. Rerum corporis et repellendus aut. Recusandae voluptatum nostrum laudantium est.', 694, 7, 28, '2021-05-14 02:11:56', '2021-05-14 02:11:56'),
(168, 'perspiciatis', 'Omnis excepturi dicta fugiat nam ratione. Corrupti illum explicabo asperiores sint.', 466, 4, 30, '2021-05-14 02:11:56', '2021-05-14 02:11:56'),
(169, 'non', 'Eligendi beatae quos sit sed iste quidem. Nobis veritatis error iusto non itaque dolores. Vero optio adipisci blanditiis quos quis.', 765, 7, 15, '2021-05-14 02:11:56', '2021-05-14 02:11:56'),
(170, 'quia', 'Dolore tempore eveniet similique aliquam id ut. Debitis repellendus explicabo qui quos ea sapiente. Aspernatur omnis quam magnam libero perferendis et qui aut. Ducimus est quia eligendi est. Ut nostrum asperiores quis et tenetur officiis.', 560, 8, 22, '2021-05-14 02:11:56', '2021-05-14 02:11:56'),
(171, 'at', 'Ratione voluptatem molestiae ut dolorem. Distinctio similique voluptatem culpa nesciunt ex impedit. Autem officia quasi dolorum cupiditate perspiciatis in aut.', 351, 3, 12, '2021-05-14 02:11:56', '2021-05-14 02:11:56'),
(172, 'dignissimos', 'Labore labore amet illum. Omnis qui tenetur quia sint qui. Reprehenderit fuga sunt error fuga consectetur rerum voluptas.', 647, 8, 9, '2021-05-14 02:11:56', '2021-05-14 02:11:56'),
(173, 'sit', 'Perspiciatis nam veritatis et accusamus adipisci officia autem ducimus. Fuga et modi doloribus mollitia rerum tempora sunt. Eligendi ea porro consectetur impedit aperiam fuga. Ad voluptates sit eaque deleniti veritatis quam.', 307, 1, 16, '2021-05-14 02:11:56', '2021-05-14 02:11:56'),
(174, 'reprehenderit', 'Distinctio quod minus aut omnis. Molestias corporis ut deserunt et. Soluta optio hic odio nobis quasi optio asperiores.', 393, 9, 24, '2021-05-14 02:11:56', '2021-05-14 02:11:56'),
(175, 'fugiat', 'Illo non sit suscipit ex culpa quis. Aut minima quaerat asperiores sequi vero repellendus. Minima iusto vel accusamus at ipsa voluptatum est. Itaque consequatur facere repudiandae at placeat id.', 255, 8, 12, '2021-05-14 02:11:56', '2021-05-14 02:11:56'),
(176, 'quis', 'Aliquid sit consequatur eum maiores porro. Qui natus ea repellendus quo omnis. Ut ipsam sed fugit quia.', 319, 4, 26, '2021-05-14 02:11:56', '2021-05-14 02:11:56'),
(177, 'dolores', 'Maiores voluptatem sit sint enim explicabo quia quis. Sequi aut dolores et dicta. Blanditiis et sapiente et.', 390, 8, 24, '2021-05-14 02:11:56', '2021-05-14 02:11:56'),
(178, 'sunt', 'Dolorem et non sit expedita. Voluptatem voluptatem dolores aut autem inventore perferendis. Possimus ea ut quisquam tempore consequatur. Laboriosam officiis ut aut animi.', 503, 6, 15, '2021-05-14 02:11:56', '2021-05-14 02:11:56'),
(179, 'maxime', 'Adipisci rem aliquid id at amet. Sint ab voluptatem voluptates alias. Quia explicabo dolores dicta sit quis cum reprehenderit.', 111, 5, 2, '2021-05-14 02:11:56', '2021-05-14 02:11:56'),
(180, 'aliquid', 'Recusandae quaerat maxime sed minima corporis et. Dolor voluptatem aut consequuntur optio ullam nesciunt dolorem. Nam totam architecto commodi aut.', 927, 8, 24, '2021-05-14 02:11:56', '2021-05-14 02:11:56'),
(181, 'aut', 'Quia repellendus ab et sit. Similique qui laboriosam consequatur voluptatem doloremque provident eos placeat. In autem adipisci et ut. Vel autem beatae quas similique et excepturi et ipsam.', 339, 7, 17, '2021-05-14 02:11:56', '2021-05-14 02:11:56'),
(182, 'commodi', 'Et ut aliquid itaque corporis. Tempora quia a aperiam sunt voluptate quis. Pariatur sapiente inventore optio non dolorem. Sint corrupti nulla alias quia quasi ipsam. Soluta voluptate eveniet porro aperiam.', 833, 3, 25, '2021-05-14 02:11:56', '2021-05-14 02:11:56'),
(183, 'explicabo', 'Aut reprehenderit maiores totam. Eius exercitationem architecto occaecati fuga.', 352, 6, 21, '2021-05-14 02:11:56', '2021-05-14 02:11:56'),
(184, 'qui', 'Tempora odit minima aut molestias numquam sint. Nostrum quas vero maxime. Natus dolorum qui ipsum dolorem. Consectetur distinctio et minus quaerat commodi.', 352, 1, 17, '2021-05-14 02:11:56', '2021-05-14 02:11:56'),
(185, 'nobis', 'Maiores a deserunt tempore dicta expedita. Totam eos dicta sint excepturi et non ratione. Id ut blanditiis iste quia. Quibusdam distinctio atque voluptas sed pariatur voluptatum. Dolorem mollitia autem non facilis ut.', 277, 9, 17, '2021-05-14 02:11:56', '2021-05-14 02:11:56'),
(186, 'eveniet', 'Provident labore ea enim quia alias. Quia inventore laboriosam earum sint perspiciatis eveniet.', 590, 4, 4, '2021-05-14 02:11:56', '2021-05-14 02:11:56'),
(187, 'ducimus', 'Cum consequuntur quo placeat vel. Nulla sapiente voluptas ex labore minima qui. Nesciunt est voluptas rem et placeat nulla perferendis ut. Qui officiis veritatis neque nihil eum.', 251, 2, 6, '2021-05-14 02:11:56', '2021-05-14 02:11:56'),
(188, 'repudiandae', 'Repudiandae eligendi maxime aperiam ipsa ipsam exercitationem molestiae sapiente. Labore itaque eaque ut sit facere nihil. Quas exercitationem minima nulla deleniti. Optio ut optio quia quia repudiandae.', 903, 0, 15, '2021-05-14 02:11:56', '2021-05-14 02:11:56'),
(189, 'reiciendis', 'Dolor natus tempore dolorem. Totam fugiat doloremque dolore ut velit. Sint quam qui consequatur quis voluptatem sit. Et aliquam vel vel facilis debitis.', 388, 4, 14, '2021-05-14 02:11:56', '2021-05-14 02:11:56'),
(190, 'consectetur', 'Beatae est quisquam ipsam iste itaque. Enim laboriosam laboriosam facere architecto. Eveniet rerum et necessitatibus iste tempore earum. Dolor et voluptatem sit delectus dolorem voluptas. Suscipit enim eius qui cupiditate.', 349, 5, 8, '2021-05-14 02:11:56', '2021-05-14 02:11:56'),
(191, 'ullam', 'Minima mollitia deleniti velit explicabo et. Pariatur assumenda nihil repudiandae voluptatem aut veniam et. Explicabo velit quod ut illum. Architecto et odio harum atque nostrum in sint.', 555, 8, 27, '2021-05-14 02:11:56', '2021-05-14 02:11:56'),
(192, 'ut', 'Dolor quos enim dolores. Qui dolorem cumque aut omnis. Et ut et sapiente enim quia et reprehenderit. Quia iure qui minima repellendus quia tempore quasi.', 943, 2, 23, '2021-05-14 02:11:57', '2021-05-14 02:11:57'),
(193, 'ad', 'Illo ut non ipsam odio. Quas quis non voluptatem ut qui. Quo et corrupti repudiandae ratione nam.', 531, 8, 7, '2021-05-14 02:11:57', '2021-05-14 02:11:57'),
(194, 'adipisci', 'Consequatur est distinctio nihil. Aut voluptatem esse delectus tempore cum consectetur voluptas. Nostrum qui tempore consequatur exercitationem molestiae aut quis. Quae illo dolores dolorum dolor voluptatem.', 937, 0, 16, '2021-05-14 02:11:57', '2021-05-14 02:11:57'),
(195, 'eveniet', 'Ea molestias vel ut quibusdam. Vitae quia quis est est ea sit ut. Occaecati praesentium sint nulla totam. Minus unde id minima consequatur rerum et.', 795, 6, 27, '2021-05-14 02:11:57', '2021-05-14 02:11:57'),
(196, 'sapiente', 'Alias maiores velit quibusdam aspernatur quo sunt. Quia dolores voluptate labore optio ut est. Fuga tempora molestiae reprehenderit sequi laborum quia natus. Magni molestias fugit consequatur harum maiores nostrum.', 359, 7, 27, '2021-05-14 02:11:57', '2021-05-14 02:11:57'),
(197, 'itaque', 'Quibusdam et delectus consequatur dolorem libero. Culpa commodi occaecati beatae sed animi reiciendis. Excepturi ab eligendi deserunt rerum possimus nesciunt. Laudantium consequatur saepe est voluptates incidunt hic sint.', 737, 2, 7, '2021-05-14 02:11:57', '2021-05-14 02:11:57'),
(198, 'at', 'Vel necessitatibus aut quo non ratione dolores assumenda. Sunt in sunt repellat et praesentium necessitatibus qui. Quo id error possimus sit qui et perspiciatis. Tempora harum sint vero fuga eum tenetur tenetur.', 751, 5, 4, '2021-05-14 02:11:57', '2021-05-14 02:11:57'),
(199, 'distinctio', 'Tenetur autem aut nulla architecto quas. Quibusdam porro illo aliquid et enim illum dolorem. Veniam aut at nobis dolores.', 241, 5, 22, '2021-05-14 02:11:57', '2021-05-14 02:11:57'),
(200, 'qui', 'Aut molestiae aliquam laboriosam error consectetur itaque non. Reiciendis ea quis itaque voluptas est necessitatibus molestiae.', 291, 6, 9, '2021-05-14 02:11:57', '2021-05-14 02:11:57');

-- --------------------------------------------------------

--
-- Table structure for table `reviews`
--

CREATE TABLE `reviews` (
  `id` int(10) UNSIGNED NOT NULL,
  `product_id` int(10) UNSIGNED NOT NULL,
  `customer` varchar(255) COLLATE utf8mb4_unicode_ci NOT NULL,
  `review` text COLLATE utf8mb4_unicode_ci NOT NULL,
  `star` int(11) NOT NULL,
  `created_at` timestamp NULL DEFAULT NULL,
  `updated_at` timestamp NULL DEFAULT NULL
) ENGINE=InnoDB DEFAULT CHARSET=utf8mb4 COLLATE=utf8mb4_unicode_ci;

--
-- Dumping data for table `reviews`
--

INSERT INTO `reviews` (`id`, `product_id`, `customer`, `review`, `star`, `created_at`, `updated_at`) VALUES
(1, 82, 'fuga', 'Repellendus rem repellat culpa eum quae quibusdam eveniet in. Rerum eius cupiditate sit fugiat dicta dolorem dolores. Libero et cum aut perspiciatis ut esse ratione. In alias est et deleniti inventore.', 5, '2021-05-14 02:11:58', '2021-05-14 02:11:58'),
(2, 177, 'a', 'Accusantium eaque aut omnis ex ad. Inventore ea quibusdam inventore reiciendis est atque dolores voluptates.', 2, '2021-05-14 02:11:58', '2021-05-14 02:11:58'),
(3, 149, 'repellat', 'Unde cumque quod explicabo quaerat atque eum sunt. Totam rerum delectus eligendi quisquam aut vel. Sed temporibus praesentium odio sed fuga ut. Ipsa illo eos totam deleniti.', 0, '2021-05-14 02:11:58', '2021-05-14 02:11:58'),
(4, 156, 'qui', 'Tenetur est ex excepturi. Omnis facilis non impedit et omnis. Et minima dolorem esse odit mollitia quam ea recusandae. Itaque consequatur ut illum dolorem ipsum eligendi.', 0, '2021-05-14 02:11:58', '2021-05-14 02:11:58'),
(5, 93, 'eveniet', 'Illo ut dolores consequatur iusto et et. Quasi et aut sed ea qui debitis alias. Corporis id quae expedita omnis et amet delectus nam.', 0, '2021-05-14 02:11:58', '2021-05-14 02:11:58'),
(6, 115, 'dicta', 'Itaque quam culpa id. Debitis veritatis ea aperiam ut ut ut incidunt. Qui et sequi nihil soluta velit. Praesentium perferendis quas incidunt sit veritatis quaerat eveniet in.', 3, '2021-05-14 02:11:58', '2021-05-14 02:11:58'),
(7, 111, 'rerum', 'Tenetur numquam aperiam laudantium nesciunt et similique ipsum. Odit odit consectetur id recusandae. Sit perspiciatis at sequi est.', 3, '2021-05-14 02:11:58', '2021-05-14 02:11:58'),
(8, 86, 'facere', 'Est enim rem vel sequi et consequatur. Tempora repellendus assumenda inventore inventore a. Et distinctio aut odio. Tempore omnis et ullam aut et ad. Totam voluptatem suscipit explicabo quae vel iure.', 2, '2021-05-14 02:11:58', '2021-05-14 02:11:58'),
(9, 74, 'sunt', 'Autem rerum quam et deserunt ut. Et et eaque et vel soluta aut qui. Qui dolor eum et deserunt ipsam voluptates et. Nostrum nostrum eligendi distinctio eveniet velit ex et. Laborum repellat et nesciunt aut voluptates rerum unde.', 5, '2021-05-14 02:11:58', '2021-05-14 02:11:58'),
(10, 194, 'iure', 'Et et corrupti cupiditate totam quaerat quaerat tempore ex. Rerum aliquam distinctio sit quis voluptatum. Ut dolorem porro velit aspernatur quibusdam. Ratione velit corporis perspiciatis excepturi eos omnis voluptatem.', 2, '2021-05-14 02:11:58', '2021-05-14 02:11:58'),
(11, 134, 'laborum', 'Ad error veniam sunt delectus corporis inventore. Blanditiis provident sit possimus quia quia. Et totam recusandae rerum eum dolorem adipisci rerum. Iure tempore cupiditate non aut explicabo sint nihil.', 2, '2021-05-14 02:11:59', '2021-05-14 02:11:59'),
(12, 141, 'at', 'Autem voluptas alias dolor a nesciunt autem veritatis. Hic quia et et architecto. Nostrum sit corrupti rerum et est fugit ut architecto.', 5, '2021-05-14 02:11:59', '2021-05-14 02:11:59'),
(13, 100, 'rerum', 'Eos accusantium et sunt delectus. Porro voluptatem iure maiores ducimus a qui explicabo. Accusantium porro dolorem exercitationem. Vel corporis ratione et in illo necessitatibus aperiam.', 2, '2021-05-14 02:11:59', '2021-05-14 02:11:59'),
(14, 177, 'totam', 'Incidunt rerum repudiandae cupiditate qui aut molestiae. Et ut cupiditate laboriosam facilis. Temporibus repellendus unde fuga culpa eos consectetur. Ut qui quos omnis consequatur alias et.', 3, '2021-05-14 02:11:59', '2021-05-14 02:11:59'),
(15, 197, 'quis', 'Totam dignissimos occaecati necessitatibus praesentium. Itaque doloremque unde animi porro qui atque aspernatur. Rem nesciunt ea et cumque ab sunt recusandae.', 1, '2021-05-14 02:11:59', '2021-05-14 02:11:59'),
(16, 146, 'voluptatem', 'Nobis ut id et sequi alias. Ut dolor nemo voluptatem dicta quas itaque similique. Quisquam dolor quia cumque consectetur recusandae hic illo.', 2, '2021-05-14 02:11:59', '2021-05-14 02:11:59'),
(17, 144, 'repellat', 'Tempora reiciendis a veritatis numquam excepturi commodi totam. Aperiam nihil officiis quaerat et nesciunt velit expedita. Omnis id qui voluptatem autem rerum. Sapiente sint saepe impedit rerum.', 3, '2021-05-14 02:11:59', '2021-05-14 02:11:59'),
(18, 87, 'error', 'Et pariatur quibusdam vero doloremque occaecati ut. Eveniet eligendi est dolores aliquam. Quos praesentium non voluptas sed. Praesentium eum aut quia officia quia et velit nihil.', 3, '2021-05-14 02:11:59', '2021-05-14 02:11:59'),
(19, 131, 'et', 'Est in voluptas deserunt harum. Rerum assumenda doloribus numquam dolorem vitae. Sequi numquam laborum amet quaerat.', 2, '2021-05-14 02:11:59', '2021-05-14 02:11:59'),
(20, 194, 'a', 'Cum eligendi vel eaque minus corrupti. Quaerat aut autem ex veniam nostrum. Omnis voluptatem doloremque nihil vitae placeat distinctio. Vitae nihil tempore maxime quis.', 5, '2021-05-14 02:11:59', '2021-05-14 02:11:59'),
(21, 3, 'esse', 'Laudantium pariatur possimus iste officia odit facere pariatur. Quidem non cum enim quia sequi magni excepturi. Accusantium tenetur ratione quos officia perspiciatis.', 4, '2021-05-14 02:11:59', '2021-05-14 02:11:59'),
(22, 135, 'quis', 'Quod blanditiis est hic consequatur eos. Non sequi amet repellendus magni nisi harum et. Culpa voluptate voluptatem non.', 3, '2021-05-14 02:11:59', '2021-05-14 02:11:59'),
(23, 106, 'in', 'Sed sequi consequuntur ut quia et quia. In libero in ut harum. Aut reprehenderit commodi ut molestiae.', 3, '2021-05-14 02:11:59', '2021-05-14 02:11:59'),
(24, 192, 'vitae', 'Sed eius blanditiis quia minus. Quam exercitationem voluptatum ad iure. Id consequatur ducimus non saepe. Sunt laboriosam et dolore dicta vel commodi quia molestiae.', 2, '2021-05-14 02:11:59', '2021-05-14 02:11:59'),
(25, 159, 'quam', 'Numquam est laudantium dicta ut est quia nostrum. Quam facere quia et tempore aut velit. Et autem eligendi quas possimus qui.', 3, '2021-05-14 02:11:59', '2021-05-14 02:11:59'),
(26, 175, 'explicabo', 'Sit totam optio sed blanditiis aut reprehenderit ab. Velit dolor qui est qui ea accusamus nostrum soluta. Quod dignissimos odit possimus atque temporibus est voluptas. Sit praesentium ea iste dolores hic eligendi.', 1, '2021-05-14 02:11:59', '2021-05-14 02:11:59'),
(27, 123, 'reiciendis', 'Dolorem nostrum iusto cum totam. Quos quis consequatur reprehenderit dignissimos cupiditate dolorem repellat minus. Sunt corrupti recusandae soluta amet. Quia nobis fugit facilis aut enim perspiciatis.', 3, '2021-05-14 02:11:59', '2021-05-14 02:11:59'),
(28, 113, 'est', 'Et sunt tenetur temporibus quia. Est non incidunt autem maxime. Non voluptas aspernatur perspiciatis ipsum voluptas aut numquam.', 2, '2021-05-14 02:11:59', '2021-05-14 02:11:59'),
(29, 41, 'saepe', 'Debitis itaque voluptatibus officiis rerum consequatur quis blanditiis. Fugit et aut beatae nulla libero. Est at distinctio repudiandae molestiae eos veniam nam. Et minus est minus.', 0, '2021-05-14 02:11:59', '2021-05-14 02:11:59'),
(30, 137, 'eos', 'Autem sunt id et ex ex. Totam molestiae voluptas sit. Modi ut aut animi quis architecto ullam nihil rerum.', 1, '2021-05-14 02:11:59', '2021-05-14 02:11:59'),
(31, 141, 'quia', 'Vel quibusdam magnam aliquid sit. Veniam magni in est ut voluptates corrupti. Esse amet ut maxime dicta quis unde et. Quia aut qui totam.', 0, '2021-05-14 02:11:59', '2021-05-14 02:11:59'),
(32, 55, 'doloremque', 'Eveniet est culpa repellat a asperiores consequuntur rem consequuntur. Doloremque dolores rerum dolorem et molestiae eius consequatur. Enim veritatis et reiciendis nam et commodi. Dolores quia quia deserunt accusamus.', 0, '2021-05-14 02:11:59', '2021-05-14 02:11:59'),
(33, 163, 'voluptatem', 'Sit quos libero occaecati distinctio molestiae voluptatem asperiores. Aperiam voluptatem voluptas quasi aperiam commodi. Libero dolor tempora itaque accusamus. Quam ut placeat dolores nihil culpa pariatur.', 1, '2021-05-14 02:11:59', '2021-05-14 02:11:59'),
(34, 142, 'placeat', 'Itaque et officia recusandae suscipit. Laudantium voluptate omnis repellat et architecto. Et quo dolores consectetur porro.', 1, '2021-05-14 02:11:59', '2021-05-14 02:11:59'),
(35, 164, 'distinctio', 'Et aut tempora autem. Vel cumque quo illo vel nulla.', 5, '2021-05-14 02:11:59', '2021-05-14 02:11:59'),
(36, 83, 'similique', 'Amet dicta sit nisi quaerat deserunt. Qui quis aut quod ea ratione. Esse aut et at qui nostrum.', 4, '2021-05-14 02:11:59', '2021-05-14 02:11:59'),
(37, 125, 'eum', 'Autem enim sed rerum voluptate dolores. Ut voluptatum eos iste corrupti sed fugiat ipsa atque. Explicabo maiores in sunt tempore.', 1, '2021-05-14 02:11:59', '2021-05-14 02:11:59'),
(38, 99, 'qui', 'Necessitatibus reiciendis dolorem facere possimus vel. Ut autem iusto non consequatur libero eos deserunt. Aut eius culpa nisi quaerat cupiditate nisi.', 5, '2021-05-14 02:11:59', '2021-05-14 02:11:59'),
(39, 197, 'sint', 'Dolore et autem corrupti impedit officia. Id ea nisi quia eveniet ab. Cumque qui qui quo voluptate quis soluta.', 3, '2021-05-14 02:11:59', '2021-05-14 02:11:59'),
(40, 19, 'atque', 'Officiis nisi cum harum consequatur et ut dolorem. Nihil amet quasi quaerat nesciunt. Porro est beatae enim ullam id. Nesciunt atque eum ut laudantium porro quod. Et quia sunt qui eos.', 2, '2021-05-14 02:11:59', '2021-05-14 02:11:59'),
(41, 77, 'quas', 'Rem dolorum neque magnam et aut. Perferendis repellendus nam voluptatum nostrum eos odit nemo. Beatae et id qui culpa libero dolorem.', 4, '2021-05-14 02:11:59', '2021-05-14 02:11:59'),
(42, 31, 'aliquam', 'Modi maxime est doloribus est repellat. Veniam sunt aut quia atque nesciunt. Consequatur voluptatem non non omnis autem nobis quod. Quo ex earum modi omnis.', 4, '2021-05-14 02:11:59', '2021-05-14 02:11:59'),
(43, 144, 'excepturi', 'Tempora ab aut dolor voluptatibus ducimus. Et blanditiis tempora minima est voluptas.', 5, '2021-05-14 02:11:59', '2021-05-14 02:11:59'),
(44, 49, 'aliquam', 'Inventore illum repellendus doloremque molestiae qui sapiente nulla. Dolor voluptatem tempore delectus dolorum adipisci exercitationem minus. Vero voluptas quidem officia illo autem molestiae. Sed debitis nam optio veritatis natus recusandae.', 3, '2021-05-14 02:11:59', '2021-05-14 02:11:59'),
(45, 61, 'qui', 'Itaque totam itaque necessitatibus odit reprehenderit voluptatem reprehenderit. Maiores sint omnis sunt ratione voluptas ut deleniti. Ut occaecati ab atque nulla itaque quasi.', 1, '2021-05-14 02:11:59', '2021-05-14 02:11:59'),
(46, 3, 'repudiandae', 'Rerum et nemo voluptatem ipsa ut rerum voluptatem. Dolore voluptas voluptatem perspiciatis quod quidem. Laboriosam porro quasi sed voluptates non dolorum dolores.', 2, '2021-05-14 02:11:59', '2021-05-14 02:11:59'),
(47, 49, 'recusandae', 'Eum officiis et laboriosam optio. Asperiores consequuntur et sed et veniam molestiae libero. Expedita quia eos nostrum et consequuntur quia. Assumenda esse et atque qui est. Excepturi aut libero rerum eius.', 5, '2021-05-14 02:11:59', '2021-05-14 02:11:59'),
(48, 163, 'voluptatibus', 'Id eaque doloribus in quo quos quo. Deserunt et consequuntur unde voluptatem aliquam ex est. Facere quam sunt autem officia facilis. Veniam quia dolorum consequatur fugit sed est temporibus soluta.', 4, '2021-05-14 02:12:00', '2021-05-14 02:12:00'),
(49, 84, 'dolorum', 'Molestias consectetur velit praesentium iste eveniet voluptatem reiciendis. Et quia eum ea dolorem. Incidunt distinctio aliquam tenetur mollitia suscipit quia. Porro laboriosam exercitationem eveniet repellendus rerum quia.', 5, '2021-05-14 02:12:00', '2021-05-14 02:12:00'),
(50, 35, 'et', 'Nihil architecto dolor iste natus eos ut amet voluptas. Recusandae nobis est nisi magnam commodi et. Eveniet quia earum aut minus enim.', 2, '2021-05-14 02:12:00', '2021-05-14 02:12:00'),
(51, 199, 'nam', 'Laudantium et ab sed ipsum. Velit dolorem error sit assumenda. Laborum expedita repellat velit maxime. Voluptates et aut eos deleniti eos.', 2, '2021-05-14 02:12:00', '2021-05-14 02:12:00'),
(52, 83, 'quas', 'Repellat eum eum quod voluptatibus dolorem non. Repudiandae fugiat qui eveniet culpa. Ipsa sed voluptas sit natus totam. Voluptates fugit eaque a voluptatem.', 5, '2021-05-14 02:12:00', '2021-05-14 02:12:00'),
(53, 29, 'sint', 'Non molestias tempora asperiores occaecati aut. At reprehenderit nisi doloribus adipisci. Consectetur cumque tenetur blanditiis unde id esse. Consequatur veniam eum aperiam qui sequi cum omnis.', 0, '2021-05-14 02:12:00', '2021-05-14 02:12:00'),
(54, 49, 'laudantium', 'Optio exercitationem corporis quas odit non consequatur delectus. Nostrum dolor in quo enim. Vitae quam vel quis architecto aut et.', 3, '2021-05-14 02:12:00', '2021-05-14 02:12:00'),
(55, 41, 'dolorum', 'Ut dolorum facilis voluptatem et ut neque. Laboriosam ea illum libero culpa tenetur quasi quod. Veniam iste sit ducimus voluptas eos.', 4, '2021-05-14 02:12:00', '2021-05-14 02:12:00'),
(56, 151, 'autem', 'Ratione reprehenderit eum ut est temporibus assumenda. Blanditiis voluptas doloribus recusandae ut. Quam ut similique earum aut. Eos veniam tenetur omnis perferendis ipsam.', 1, '2021-05-14 02:12:00', '2021-05-14 02:12:00'),
(57, 118, 'odio', 'Dolorum animi ut earum perferendis. Architecto magni quia corporis. Eum eligendi blanditiis dolorum occaecati. Fuga qui commodi voluptas nesciunt.', 1, '2021-05-14 02:12:00', '2021-05-14 02:12:00'),
(58, 177, 'est', 'Quisquam magnam praesentium sit officiis est neque ut aliquam. Adipisci unde incidunt laborum consequatur omnis sit sed. Nisi adipisci qui esse rerum.', 2, '2021-05-14 02:12:00', '2021-05-14 02:12:00'),
(59, 151, 'dolor', 'Molestiae et assumenda harum aut. Tempore et labore natus eligendi adipisci provident voluptatem. Vel laudantium ea ut qui.', 1, '2021-05-14 02:12:00', '2021-05-14 02:12:00'),
(60, 82, 'excepturi', 'Explicabo tenetur officia asperiores dolores ipsam. Inventore dolor vel officia sunt et sit. Et perspiciatis debitis dolorem ut ut.', 3, '2021-05-14 02:12:00', '2021-05-14 02:12:00'),
(61, 186, 'iste', 'Veritatis repellendus quibusdam exercitationem fugiat reiciendis et. Inventore ut placeat voluptates nobis occaecati. Illo consequatur architecto optio non voluptatem.', 3, '2021-05-14 02:12:00', '2021-05-14 02:12:00'),
(62, 198, 'ut', 'Expedita repellat voluptas doloremque minus unde voluptatum voluptatem. Corporis cumque pariatur odit pariatur perferendis.', 2, '2021-05-14 02:12:00', '2021-05-14 02:12:00'),
(63, 53, 'temporibus', 'Ab cupiditate sit praesentium doloremque. Dolor autem qui necessitatibus velit sapiente laudantium vel voluptatum. At est libero et. Illo iste sit dolores voluptatum.', 4, '2021-05-14 02:12:00', '2021-05-14 02:12:00'),
(64, 31, 'quia', 'Ipsum modi architecto voluptas minus saepe dolores itaque. Eius qui consequuntur voluptatem et excepturi. Ducimus blanditiis ut assumenda deleniti est ratione odio.', 2, '2021-05-14 02:12:00', '2021-05-14 02:12:00'),
(65, 147, 'qui', 'Ut saepe perferendis expedita eligendi et molestiae. Non est odit reprehenderit cupiditate rerum. Voluptatem quisquam voluptas esse aperiam molestias maiores quia.', 4, '2021-05-14 02:12:00', '2021-05-14 02:12:00'),
(66, 75, 'fugiat', 'Adipisci repellat quaerat velit vel sit. Iure est fugit aut aut voluptas. Deserunt molestias possimus vero doloribus. Eligendi voluptatem consequatur rerum eveniet perferendis.', 4, '2021-05-14 02:12:00', '2021-05-14 02:12:00'),
(67, 76, 'voluptatibus', 'Sed cum fugiat culpa facere nostrum. Cum neque quis labore in et. Expedita nostrum voluptatibus quaerat exercitationem tenetur reiciendis. Qui voluptatem autem omnis rerum consectetur sequi.', 0, '2021-05-14 02:12:00', '2021-05-14 02:12:00'),
(68, 75, 'cupiditate', 'Distinctio aut unde expedita est nostrum sit et. Delectus ab dolores eligendi eaque cum.', 3, '2021-05-14 02:12:00', '2021-05-14 02:12:00'),
(69, 67, 'minus', 'Est in accusantium reiciendis aut. Est qui quidem dolores dignissimos. Aspernatur animi voluptas ut nam numquam. Consequuntur veniam earum enim optio soluta autem aut doloremque.', 2, '2021-05-14 02:12:00', '2021-05-14 02:12:00'),
(70, 199, 'aut', 'Deserunt officia id nemo cumque sint. Reiciendis est laudantium sunt doloribus.', 5, '2021-05-14 02:12:00', '2021-05-14 02:12:00'),
(71, 169, 'tenetur', 'Qui vel a quam non est architecto et est. Omnis ratione ipsum enim laborum natus doloribus ut. Consectetur libero vel distinctio reiciendis eveniet ut cupiditate. Sit animi dolores non quo voluptatum praesentium.', 3, '2021-05-14 02:12:00', '2021-05-14 02:12:00'),
(72, 43, 'molestiae', 'Ducimus dolores cumque magnam qui laboriosam qui asperiores. Animi et odit et fugit unde sint. Delectus et est facilis mollitia quos.', 4, '2021-05-14 02:12:00', '2021-05-14 02:12:00'),
(73, 154, 'sequi', 'Tenetur praesentium et est dignissimos porro qui cumque est. Tempore ut harum laborum dolores dolores in. Soluta consequatur in perspiciatis porro numquam.', 5, '2021-05-14 02:12:00', '2021-05-14 02:12:00'),
(74, 37, 'est', 'Sit perspiciatis porro illo voluptatem eum. Qui et ea qui aut et. Atque ex veritatis perferendis.', 5, '2021-05-14 02:12:00', '2021-05-14 02:12:00'),
(75, 111, 'eos', 'Aut expedita eligendi pariatur tempore. Aut odio delectus magni blanditiis numquam est. Non amet architecto nostrum nemo delectus excepturi. Esse sed voluptatem repudiandae ut libero accusamus.', 5, '2021-05-14 02:12:00', '2021-05-14 02:12:00'),
(76, 43, 'corporis', 'Consequuntur necessitatibus autem cum expedita sint aut quia dolores. Ut fuga consequatur reprehenderit ea itaque laboriosam labore. Facere quis sit consequatur qui voluptatem rem.', 4, '2021-05-14 02:12:00', '2021-05-14 02:12:00'),
(77, 122, 'sed', 'Harum sed quas laborum sunt in enim natus. Repudiandae necessitatibus provident harum porro.', 1, '2021-05-14 02:12:00', '2021-05-14 02:12:00'),
(78, 43, 'delectus', 'Perspiciatis qui doloribus dicta perferendis pariatur sapiente. Officia nisi neque ea laboriosam consequatur doloribus veniam. Aut nemo voluptate maiores saepe animi natus.', 4, '2021-05-14 02:12:00', '2021-05-14 02:12:00'),
(79, 72, 'voluptas', 'Aliquam praesentium ab qui rerum et eius ut. Quia laborum accusamus necessitatibus eos. Voluptas tempore voluptatem cupiditate a debitis aliquam quae recusandae. Cupiditate et ut accusantium autem doloremque quasi molestiae. Molestiae qui et qui et officia maxime.', 4, '2021-05-14 02:12:00', '2021-05-14 02:12:00'),
(80, 181, 'consectetur', 'Omnis vel laborum placeat dignissimos esse quia voluptates ad. Laudantium aliquid quis qui error. Aliquam aspernatur quia sed debitis voluptate numquam aut quis. Omnis et esse sed illum est rerum consequatur. Excepturi qui eum animi quod eligendi exercitationem illum.', 2, '2021-05-14 02:12:00', '2021-05-14 02:12:00'),
(81, 50, 'et', 'Et porro aut doloremque incidunt. Quaerat in corporis nostrum ut ut. Nam libero sed asperiores officia minima. Voluptatem et qui totam a rem.', 0, '2021-05-14 02:12:00', '2021-05-14 02:12:00'),
(82, 86, 'fuga', 'Cupiditate quasi dicta ut iste quos enim facilis. Impedit minus fugiat dolor accusantium ratione eligendi ad. Quia molestias iure repudiandae.', 1, '2021-05-14 02:12:00', '2021-05-14 02:12:00'),
(83, 106, 'libero', 'Et et et nulla numquam repudiandae. Veritatis quo consectetur sint. Et qui dolores voluptatum veniam.', 2, '2021-05-14 02:12:01', '2021-05-14 02:12:01'),
(84, 35, 'fuga', 'Deleniti autem iste animi aliquid voluptas. Adipisci dolor ea ut quia.', 1, '2021-05-14 02:12:01', '2021-05-14 02:12:01'),
(85, 166, 'ut', 'Quo exercitationem cum enim id dolor non quibusdam. Eligendi nulla sit modi voluptatem. Quis unde ad mollitia consequatur nisi omnis voluptas. Aut fuga architecto eos ut et.', 3, '2021-05-14 02:12:01', '2021-05-14 02:12:01'),
(86, 55, 'deleniti', 'Provident earum exercitationem saepe beatae similique. Voluptates qui tempora magni. Est iusto omnis qui id. Quidem aut sed dolor omnis.', 3, '2021-05-14 02:12:01', '2021-05-14 02:12:01'),
(87, 171, 'eos', 'Laboriosam illo molestiae maiores et perspiciatis voluptatem. Odit itaque sint et voluptatibus aut possimus. Natus totam et fugiat soluta aperiam quod omnis.', 2, '2021-05-14 02:12:01', '2021-05-14 02:12:01'),
(88, 24, 'et', 'Possimus voluptas expedita rerum accusantium molestiae sit. Voluptatem ut aut et et explicabo a. Ut dolores est distinctio quo minima voluptatibus.', 0, '2021-05-14 02:12:01', '2021-05-14 02:12:01'),
(89, 114, 'laudantium', 'Voluptate eum dolores quo commodi non. Error vel ab aspernatur ex dolor consequatur. Quia natus cupiditate veniam tenetur sunt. Nihil dolores iusto esse iusto.', 3, '2021-05-14 02:12:01', '2021-05-14 02:12:01'),
(90, 157, 'sit', 'Quis perferendis beatae est totam fuga exercitationem est. Dolorem aut et pariatur inventore et sint minus. Voluptas dolores est unde doloremque sed eveniet sed sint.', 2, '2021-05-14 02:12:01', '2021-05-14 02:12:01'),
(91, 75, 'ut', 'Nam labore incidunt aliquam odit quos. Omnis inventore quo quia quaerat. Alias voluptatum veniam consequatur quae. Quos voluptatibus quo quam maxime sit similique.', 1, '2021-05-14 02:12:01', '2021-05-14 02:12:01'),
(92, 109, 'exercitationem', 'Assumenda et itaque rerum vel. Et nihil iusto at omnis saepe tempora earum. Architecto qui maxime est delectus esse doloribus.', 4, '2021-05-14 02:12:01', '2021-05-14 02:12:01'),
(93, 72, 'magni', 'Quisquam asperiores iusto officiis aut ad. Dignissimos repellat animi dolor veritatis eos nisi aspernatur optio. Blanditiis earum accusamus voluptates eligendi nesciunt explicabo qui. Autem quod ut doloribus sint labore.', 1, '2021-05-14 02:12:01', '2021-05-14 02:12:01'),
(94, 77, 'enim', 'Accusantium est qui ut sed ex. Explicabo eos neque qui eius et ea est. Omnis cum qui sed velit.', 1, '2021-05-14 02:12:01', '2021-05-14 02:12:01'),
(95, 193, 'excepturi', 'Voluptas voluptas voluptates aut libero. Aliquam aut deserunt quasi a repellat deserunt accusamus distinctio. Eligendi quidem ipsam corporis iste quis. Unde quisquam mollitia ut et.', 5, '2021-05-14 02:12:01', '2021-05-14 02:12:01'),
(96, 56, 'sunt', 'Et ab numquam saepe omnis adipisci facilis. Officiis qui facilis magnam excepturi omnis cum non. Perferendis accusantium corporis assumenda consequatur suscipit quis est.', 1, '2021-05-14 02:12:01', '2021-05-14 02:12:01'),
(97, 115, 'ut', 'Explicabo recusandae laborum molestiae ea doloremque ut. Perferendis est nobis id ea voluptatem et. Similique suscipit cupiditate harum sint facere eligendi. Ipsum nobis eos mollitia.', 0, '2021-05-14 02:12:01', '2021-05-14 02:12:01'),
(98, 198, 'qui', 'Corporis nobis et modi. Minus reiciendis enim voluptates dolorem velit. Aliquid qui consequuntur quas cumque quo quis. Incidunt iste molestiae inventore aut ut nulla laudantium commodi.', 3, '2021-05-14 02:12:01', '2021-05-14 02:12:01'),
(99, 84, 'et', 'Ea sequi est consequatur. Et voluptas aspernatur et aperiam. Nihil quod eos quia est voluptates.', 0, '2021-05-14 02:12:01', '2021-05-14 02:12:01'),
(100, 15, 'unde', 'Officia porro cupiditate impedit qui rem. Corporis qui modi soluta. Doloribus consequatur inventore voluptatum quia eos aut debitis. Perspiciatis quia illo illum magnam iure earum maxime qui. Amet autem dolore ut voluptatem natus.', 5, '2021-05-14 02:12:01', '2021-05-14 02:12:01'),
(101, 79, 'sit', 'Beatae aspernatur enim unde ipsum voluptatem quos consequatur animi. Et voluptatem sunt optio sit. Voluptatem repudiandae cupiditate quia.', 3, '2021-05-14 02:12:01', '2021-05-14 02:12:01'),
(102, 153, 'ea', 'Blanditiis assumenda qui veritatis et necessitatibus. Autem voluptatem et quod aut quibusdam blanditiis temporibus. Consequatur repellat facere laudantium autem cumque consequuntur non.', 4, '2021-05-14 02:12:01', '2021-05-14 02:12:01'),
(103, 52, 'adipisci', 'Inventore velit consequatur repudiandae inventore eum consequatur. Qui sint officiis fuga tempore fuga. Dignissimos vitae corporis magnam recusandae voluptatibus odit labore voluptatum.', 5, '2021-05-14 02:12:01', '2021-05-14 02:12:01'),
(104, 106, 'hic', 'Nihil architecto dolorem sint ex qui. Error a ea temporibus enim repellat mollitia. Aliquid quod eos ut voluptas impedit quia. Saepe sunt libero ad dignissimos.', 4, '2021-05-14 02:12:01', '2021-05-14 02:12:01'),
(105, 161, 'voluptatibus', 'Qui rerum veniam error aut. Ut magni et inventore sit aut ut nihil. Corporis quos voluptas dolor consectetur ipsa et.', 5, '2021-05-14 02:12:01', '2021-05-14 02:12:01'),
(106, 97, 'ipsum', 'Placeat nemo eos ut et. Et officia accusamus voluptatibus veritatis nobis neque aspernatur. Eveniet est illo accusantium velit mollitia.', 3, '2021-05-14 02:12:02', '2021-05-14 02:12:02'),
(107, 44, 'corrupti', 'Et tempore perferendis est architecto. Ut recusandae eius non molestiae vero quia asperiores molestiae. Earum aut eius maxime animi. Voluptate sunt sit iste enim veritatis itaque facilis et. Mollitia asperiores sit reiciendis vitae voluptatum quibusdam rem omnis.', 5, '2021-05-14 02:12:02', '2021-05-14 02:12:02'),
(108, 87, 'qui', 'Dignissimos sunt sed sed. Nihil repudiandae velit optio dolorem velit pariatur hic. Ut odit at ex perspiciatis at in omnis. Numquam esse sit sint ex consequatur incidunt consequatur. Consectetur aut porro qui eligendi reiciendis.', 4, '2021-05-14 02:12:02', '2021-05-14 02:12:02'),
(109, 176, 'quia', 'Sed ut earum architecto occaecati necessitatibus sint. Quia et officiis ut dignissimos doloremque. Eum ea corporis provident reiciendis deserunt corrupti alias. Delectus culpa excepturi sit voluptatem voluptatibus. Voluptatem quod quis ea et aut consectetur architecto.', 4, '2021-05-14 02:12:02', '2021-05-14 02:12:02'),
(110, 132, 'officiis', 'Quis architecto a dolorem quis quas quis. Dolores velit reiciendis distinctio facilis. Enim ut ut dolore suscipit voluptatem animi.', 5, '2021-05-14 02:12:02', '2021-05-14 02:12:02'),
(111, 78, 'quidem', 'Enim vel sint vel ullam aut placeat pariatur corrupti. Fugiat fugiat eos maxime magnam aut est mollitia. Odio illo voluptates veritatis vel quasi officiis. Impedit necessitatibus sunt cumque exercitationem facilis sed est.', 4, '2021-05-14 02:12:02', '2021-05-14 02:12:02'),
(112, 194, 'saepe', 'In incidunt saepe perferendis et labore totam a. Numquam illo ad omnis laboriosam. Quidem suscipit ut iste eius omnis nihil vel.', 2, '2021-05-14 02:12:02', '2021-05-14 02:12:02'),
(113, 62, 'dolorum', 'Corporis quaerat eum recusandae consectetur officiis. Incidunt voluptatem voluptatibus qui quisquam ut est. Animi repellat porro sint quo rerum.', 2, '2021-05-14 02:12:02', '2021-05-14 02:12:02'),
(114, 113, 'vero', 'Culpa dolore a illo hic nam reprehenderit voluptatem. At explicabo qui non laudantium sint. Ut quia voluptatem enim. Beatae et laudantium architecto nesciunt repudiandae aut sint itaque.', 0, '2021-05-14 02:12:02', '2021-05-14 02:12:02'),
(115, 178, 'est', 'Sit quo assumenda voluptas maiores voluptatem. Tempora placeat consequatur eum impedit id. Iusto accusamus id deleniti ipsum.', 1, '2021-05-14 02:12:02', '2021-05-14 02:12:02'),
(116, 134, 'in', 'Voluptas ea aut aspernatur voluptates corrupti. Sed eos quo quia minus dolor. Facilis excepturi ut commodi. Modi culpa qui sed rerum quam.', 2, '2021-05-14 02:12:02', '2021-05-14 02:12:02'),
(117, 117, 'quaerat', 'Id expedita ut corporis et. Ut quia cum voluptas alias aut ut voluptate neque. Soluta ut sunt saepe quia id.', 5, '2021-05-14 02:12:02', '2021-05-14 02:12:02'),
(118, 200, 'libero', 'Tempore deserunt repellat aut nostrum. Possimus consectetur ab molestias. Eaque adipisci quasi aut eaque nobis voluptatibus. Modi repudiandae corporis quia quos ab.', 1, '2021-05-14 02:12:02', '2021-05-14 02:12:02'),
(119, 49, 'nihil', 'Magnam labore sint qui dolore exercitationem autem. Quasi nisi facilis magnam eveniet ea accusantium. Recusandae accusamus eum est eveniet totam rem sed. In doloremque voluptatem qui.', 3, '2021-05-14 02:12:02', '2021-05-14 02:12:02'),
(120, 151, 'debitis', 'Et rerum omnis architecto temporibus dolorum sed. Earum tenetur asperiores sapiente dicta sequi vitae iusto ut. Numquam ea qui nesciunt nostrum deserunt aut deserunt voluptas.', 5, '2021-05-14 02:12:02', '2021-05-14 02:12:02'),
(121, 56, 'voluptate', 'Repudiandae nam ea minima porro. Aut modi aut eveniet aspernatur est. Ut voluptas quisquam ipsam praesentium delectus.', 1, '2021-05-14 02:12:02', '2021-05-14 02:12:02'),
(122, 190, 'quasi', 'Maiores fuga non ducimus rerum error. Expedita esse tenetur placeat sequi. Consequatur at esse tempore sit vel. Rerum sapiente fuga molestias non voluptatum nesciunt recusandae facilis.', 0, '2021-05-14 02:12:02', '2021-05-14 02:12:02'),
(123, 98, 'id', 'Maxime consectetur qui praesentium modi nihil est. Quae nulla maxime maiores asperiores. Fugit cumque alias distinctio vero laboriosam mollitia. Est necessitatibus eum qui vel illo aut sint.', 3, '2021-05-14 02:12:02', '2021-05-14 02:12:02'),
(124, 52, 'et', 'Quia quis nulla et esse ullam. Distinctio autem eius eum. Saepe blanditiis non recusandae. Repellendus suscipit consequatur rerum perspiciatis earum nemo quaerat non.', 1, '2021-05-14 02:12:02', '2021-05-14 02:12:02'),
(125, 121, 'voluptas', 'Quas illum cumque vitae rerum voluptatem. Ut quisquam odio voluptas molestiae. Quia eius magnam itaque voluptatem molestiae.', 4, '2021-05-14 02:12:02', '2021-05-14 02:12:02'),
(126, 159, 'doloribus', 'Animi sequi quod consequatur doloremque animi. Ut vel placeat placeat at tenetur. Commodi placeat adipisci sit expedita qui.', 4, '2021-05-14 02:12:02', '2021-05-14 02:12:02'),
(127, 58, 'deserunt', 'Fugit corporis ut maxime enim ex. Esse eius voluptates magnam vero sapiente sunt. Dolor dolorum ullam laudantium et. Incidunt non saepe totam molestiae nulla.', 3, '2021-05-14 02:12:02', '2021-05-14 02:12:02'),
(128, 102, 'quo', 'Nobis non rem eum non harum iusto. Sequi ut et laboriosam libero sint voluptatem praesentium. Eius nam et architecto quidem rerum.', 0, '2021-05-14 02:12:02', '2021-05-14 02:12:02'),
(129, 193, 'soluta', 'Velit asperiores laboriosam voluptatem illo culpa minima inventore aliquid. Autem aut sit corrupti est placeat culpa. Autem enim modi quia voluptatum id non.', 0, '2021-05-14 02:12:02', '2021-05-14 02:12:02'),
(130, 103, 'ullam', 'Doloremque sed quas et molestiae aliquam in. Mollitia voluptatum et ut sunt aperiam omnis. Sint sit sit id tempora deserunt suscipit ut.', 4, '2021-05-14 02:12:02', '2021-05-14 02:12:02'),
(131, 5, 'velit', 'Odit sequi et consequatur non amet sunt aspernatur. Enim voluptas velit placeat. Vitae harum doloremque sed temporibus minima.', 5, '2021-05-14 02:12:02', '2021-05-14 02:12:02'),
(132, 47, 'aut', 'Harum consequatur id et in iure similique necessitatibus. Voluptas vel occaecati facilis. Magni sed consectetur eos consequatur earum rerum voluptatem.', 5, '2021-05-14 02:12:02', '2021-05-14 02:12:02'),
(133, 21, 'sed', 'Placeat beatae quia accusamus libero tempora et quo. Excepturi et sed optio temporibus adipisci eum expedita in. Quia nisi in dolor doloremque. Consectetur reprehenderit non ipsum iusto.', 1, '2021-05-14 02:12:02', '2021-05-14 02:12:02'),
(134, 23, 'sed', 'Velit facere sint at et sit sint. Labore commodi repellat ut nisi enim quisquam est. Eius fugiat quia cupiditate quia.', 5, '2021-05-14 02:12:02', '2021-05-14 02:12:02'),
(135, 196, 'id', 'Est corporis asperiores quos. Optio nemo perspiciatis ipsam sunt et distinctio optio minus. Voluptatem est ut tenetur ducimus. Quos repellat numquam facere non quam nulla et. Neque culpa porro saepe omnis praesentium repellendus.', 0, '2021-05-14 02:12:02', '2021-05-14 02:12:02'),
(136, 57, 'dolorem', 'Aperiam nihil delectus doloremque rem quisquam repellat molestias. Occaecati tempora praesentium veniam recusandae hic. Eligendi sit officiis sint delectus et eius.', 3, '2021-05-14 02:12:02', '2021-05-14 02:12:02'),
(137, 69, 'et', 'Veritatis incidunt voluptas autem est. At fugiat blanditiis voluptatem sed laboriosam voluptas quod. Facilis quae quis et ea neque optio. Explicabo in unde consectetur.', 1, '2021-05-14 02:12:02', '2021-05-14 02:12:02'),
(138, 86, 'sint', 'A qui voluptatem quae labore. Animi esse animi hic omnis rerum qui quidem. Quis perferendis corrupti architecto ut et eligendi porro. Eveniet rerum ratione exercitationem quia ut sapiente sed.', 2, '2021-05-14 02:12:02', '2021-05-14 02:12:02'),
(139, 93, 'aut', 'Optio aut placeat perferendis aperiam eveniet. Eligendi sit dolore quod quasi qui aliquid et. Vero eaque nam cupiditate autem dignissimos dolores non. Repellendus mollitia iusto qui aliquam iste.', 5, '2021-05-14 02:12:03', '2021-05-14 02:12:03'),
(140, 107, 'sit', 'Dolores a expedita cupiditate cumque est temporibus. Modi impedit id magni deleniti voluptatibus voluptatum voluptatem qui. Eum repellendus dolores omnis sunt.', 0, '2021-05-14 02:12:03', '2021-05-14 02:12:03'),
(141, 132, 'doloremque', 'Commodi laborum culpa aut. Molestias ducimus aliquid dolores voluptatem. Minima consequatur aut quod vero.', 0, '2021-05-14 02:12:03', '2021-05-14 02:12:03'),
(142, 85, 'odio', 'Nihil culpa deleniti at et. Cum sint quia et illo qui occaecati. Pariatur et maiores suscipit laboriosam iure aut. Occaecati harum est consequatur ut voluptatem recusandae et.', 3, '2021-05-14 02:12:03', '2021-05-14 02:12:03'),
(143, 106, 'laudantium', 'Cumque omnis aut dicta error enim aperiam voluptatem. Ut eum porro repudiandae eum minus pariatur labore. Quis excepturi voluptatem aut.', 0, '2021-05-14 02:12:03', '2021-05-14 02:12:03'),
(144, 64, 'est', 'Ipsum et aperiam doloremque dolor est. Iusto nobis sed at incidunt itaque. Ex consequatur architecto consequatur ipsa culpa porro dolor. Voluptatem quia in id placeat aperiam voluptatem excepturi ipsam.', 2, '2021-05-14 02:12:03', '2021-05-14 02:12:03'),
(145, 158, 'placeat', 'Optio ab eligendi nam. Facilis possimus rem ducimus ipsum aut.', 0, '2021-05-14 02:12:03', '2021-05-14 02:12:03'),
(146, 161, 'in', 'Quas aut dicta voluptatem qui. Sunt voluptatem tenetur et doloremque. Dicta voluptatem praesentium laborum laborum. Ratione aut eum voluptas. Reiciendis laboriosam amet atque inventore omnis sunt eius.', 4, '2021-05-14 02:12:03', '2021-05-14 02:12:03'),
(147, 72, 'eum', 'Consectetur porro expedita occaecati est nihil qui libero. Accusantium est provident nostrum est reiciendis. In consequatur qui assumenda ea illum labore. Asperiores aperiam tempora voluptatem quia necessitatibus.', 0, '2021-05-14 02:12:03', '2021-05-14 02:12:03'),
(148, 81, 'modi', 'Ea et eos et animi qui. Tempore soluta rem nisi tempora. Illum accusantium aperiam dolor occaecati ea corporis.', 0, '2021-05-14 02:12:03', '2021-05-14 02:12:03'),
(149, 106, 'in', 'Beatae qui iure deleniti aut. Quia omnis est iure. Quis rerum quas a dolorem.', 0, '2021-05-14 02:12:03', '2021-05-14 02:12:03'),
(150, 113, 'in', 'Reiciendis molestiae et sapiente minima quibusdam perferendis magni laboriosam. Et ipsum fuga veniam impedit consectetur quis. Odio ut autem at porro.', 4, '2021-05-14 02:12:03', '2021-05-14 02:12:03'),
(151, 177, 'vel', 'Sit et a ut odio adipisci commodi recusandae quibusdam. Impedit voluptas nemo non saepe animi. Molestiae et autem perspiciatis. Maxime dolores dicta eveniet voluptatem et animi consequatur.', 1, '2021-05-14 02:12:03', '2021-05-14 02:12:03'),
(152, 192, 'eaque', 'Dolorem earum et ab est suscipit ex necessitatibus magnam. Dignissimos est quas omnis quos. Ad nulla ea soluta quo.', 0, '2021-05-14 02:12:03', '2021-05-14 02:12:03'),
(153, 87, 'laboriosam', 'Optio eligendi eligendi est voluptates. Quia et accusamus ab commodi sint. Accusantium quas non quas nobis. Non quas culpa labore.', 2, '2021-05-14 02:12:03', '2021-05-14 02:12:03'),
(154, 161, 'eaque', 'Atque sed dolores aut. Aut laudantium consequatur sunt sit consequatur sed magni. Doloremque aperiam qui perferendis voluptatem id repellendus vero. Error ipsam velit sapiente voluptas praesentium quia quia.', 0, '2021-05-14 02:12:03', '2021-05-14 02:12:03'),
(155, 162, 'dolor', 'Commodi dolore unde error qui dolores. Velit et consequatur eum consequuntur est enim. Expedita veritatis officiis sunt soluta.', 0, '2021-05-14 02:12:03', '2021-05-14 02:12:03'),
(156, 45, 'consequatur', 'Sint aliquid et nulla aut dolores vitae voluptatem incidunt. Accusamus quasi consectetur totam quam error similique suscipit. Ut enim nihil dignissimos dolores cumque aut. Aspernatur inventore aut aut earum sit.', 3, '2021-05-14 02:12:03', '2021-05-14 02:12:03'),
(157, 148, 'adipisci', 'Ab eos labore quo vero et sint eveniet. Facilis tempore ut soluta saepe iure omnis. Eos laborum ipsam voluptatem ad mollitia vitae id autem. Labore odit architecto nihil similique quod soluta.', 5, '2021-05-14 02:12:03', '2021-05-14 02:12:03'),
(158, 118, 'earum', 'Id ex impedit neque aut ut. Sunt ad qui nesciunt ducimus iste odit. Est iste sunt vitae quia nesciunt. Beatae dolore molestiae expedita similique voluptates occaecati quo aut. Aliquid eligendi illo ut veritatis.', 1, '2021-05-14 02:12:03', '2021-05-14 02:12:03'),
(159, 63, 'odio', 'Est quibusdam qui assumenda et illum facilis. Expedita iusto molestiae saepe. Dolorem suscipit illum aut quisquam quo. Maxime distinctio voluptas iste voluptatibus modi quas. Itaque et id accusantium repellat id eius quasi.', 1, '2021-05-14 02:12:03', '2021-05-14 02:12:03'),
(160, 70, 'iste', 'Ut aut fugit debitis provident et. Voluptatem quidem laudantium maiores facere. Explicabo quas adipisci velit quidem sint veniam mollitia.', 4, '2021-05-14 02:12:03', '2021-05-14 02:12:03'),
(161, 137, 'occaecati', 'Repellendus sed nulla magni est ab libero exercitationem. Et minima et et magni nulla unde.', 1, '2021-05-14 02:12:03', '2021-05-14 02:12:03'),
(162, 58, 'impedit', 'Animi et veniam consequuntur possimus illum quo. Eum ad cum illo quisquam laboriosam quos voluptatibus aut. Officiis molestias illo error placeat. Non saepe consequuntur quia ea voluptatum autem id.', 5, '2021-05-14 02:12:03', '2021-05-14 02:12:03'),
(163, 126, 'corrupti', 'Inventore deserunt iure perspiciatis nulla et omnis est. Tempore qui sit id inventore. Quam adipisci autem odit. Dolor vel magnam blanditiis qui.', 5, '2021-05-14 02:12:03', '2021-05-14 02:12:03'),
(164, 97, 'sit', 'Eos ipsam est necessitatibus molestiae. Unde qui est fuga voluptates dolores rerum omnis. Autem sed consequuntur laudantium molestiae nostrum quia fugiat recusandae.', 4, '2021-05-14 02:12:04', '2021-05-14 02:12:04'),
(165, 186, 'facilis', 'Aut maxime quisquam enim molestiae cupiditate in quidem. Placeat iste atque sit veritatis incidunt in quidem aut. Officiis voluptates consequatur suscipit sapiente quidem saepe officia.', 5, '2021-05-14 02:12:04', '2021-05-14 02:12:04'),
(166, 116, 'molestiae', 'Nesciunt qui exercitationem dolores impedit est quidem in. Modi similique tenetur provident reprehenderit. Culpa occaecati maiores sapiente ratione sint.', 4, '2021-05-14 02:12:04', '2021-05-14 02:12:04'),
(167, 65, 'excepturi', 'Et libero officiis itaque nam soluta. Optio esse vitae eum odio distinctio labore corrupti. Modi occaecati cumque ratione. Optio facere eum hic asperiores possimus.', 0, '2021-05-14 02:12:04', '2021-05-14 02:12:04'),
(168, 72, 'et', 'Et illo earum alias atque autem adipisci facere voluptate. Architecto quo repellendus et rerum occaecati. Possimus ipsum explicabo ab qui. Qui quaerat quod ea et tempore vero quisquam.', 5, '2021-05-14 02:12:04', '2021-05-14 02:12:04'),
(169, 139, 'eaque', 'Quam necessitatibus aperiam voluptate nesciunt itaque quidem sapiente. Nostrum exercitationem voluptatem animi odio et. Et omnis eveniet architecto aliquid eum.', 3, '2021-05-14 02:12:04', '2021-05-14 02:12:04'),
(170, 89, 'quo', 'Rerum quo unde beatae consequatur quibusdam. Numquam eligendi doloremque distinctio sunt. Vel ut assumenda quis velit necessitatibus laboriosam beatae. Quae aliquam veniam vitae eaque distinctio quae.', 5, '2021-05-14 02:12:04', '2021-05-14 02:12:04'),
(171, 41, 'omnis', 'Deserunt facilis rem veritatis aperiam id modi. Possimus pariatur voluptatem et quo mollitia. Sint voluptas iure fuga aliquid quia.', 1, '2021-05-14 02:12:04', '2021-05-14 02:12:04'),
(172, 192, 'facere', 'Et exercitationem doloribus explicabo vitae. Aut laudantium molestias praesentium officia voluptatum. Officiis fuga a dolores qui provident. Quia voluptas rem ut architecto recusandae deserunt.', 0, '2021-05-14 02:12:04', '2021-05-14 02:12:04'),
(173, 163, 'officiis', 'Tempora dolore natus commodi error. Qui pariatur velit eveniet ut nesciunt eum. Et quia iure quia modi.', 0, '2021-05-14 02:12:04', '2021-05-14 02:12:04'),
(174, 188, 'eos', 'Nihil voluptatem doloremque distinctio qui. Atque optio doloremque assumenda aut enim porro asperiores et. Voluptatem consequatur vitae sit sint earum provident deserunt.', 4, '2021-05-14 02:12:04', '2021-05-14 02:12:04'),
(175, 9, 'tenetur', 'Voluptatem beatae non occaecati. Ipsum expedita architecto sint. Cumque quia numquam eveniet magni molestias quae quod aspernatur. Mollitia nesciunt deleniti dolor nemo tenetur et.', 4, '2021-05-14 02:12:04', '2021-05-14 02:12:04'),
(176, 143, 'odio', 'Quia a nulla commodi sapiente sit repudiandae aut. Libero aliquam saepe dolores ipsa iure totam. Qui quibusdam inventore minus eos. Est cupiditate id saepe sequi illum est omnis.', 0, '2021-05-14 02:12:04', '2021-05-14 02:12:04'),
(177, 19, 'dolore', 'Rem voluptas ut ab. Vel dicta quaerat fugiat alias non. Quibusdam magnam qui repudiandae facere deserunt quia qui ut.', 0, '2021-05-14 02:12:04', '2021-05-14 02:12:04'),
(178, 189, 'eius', 'Molestiae autem consectetur quos mollitia earum. Non rerum dolorem odio nam reprehenderit aut voluptatibus. Dolores iusto mollitia sunt cum esse. Et dolor rerum fugiat quidem iste dolores deleniti.', 1, '2021-05-14 02:12:04', '2021-05-14 02:12:04'),
(179, 60, 'assumenda', 'Ea quos incidunt quis quos totam exercitationem nostrum et. Labore fuga magnam sit delectus. Ipsa minus quis dolores qui iure error.', 0, '2021-05-14 02:12:04', '2021-05-14 02:12:04'),
(180, 12, 'dignissimos', 'Ipsum aut voluptatum deserunt ut qui in modi. In molestiae debitis voluptatem maiores. Et facere omnis ea est exercitationem. Sit voluptatibus minima possimus.', 3, '2021-05-14 02:12:04', '2021-05-14 02:12:04'),
(181, 20, 'laboriosam', 'Qui sint ab et accusamus temporibus sequi est. Consequuntur aut aliquid beatae eaque doloribus quidem. Nobis et vel consectetur eligendi. Quaerat sed debitis qui occaecati dolorem iste sed.', 0, '2021-05-14 02:12:04', '2021-05-14 02:12:04'),
(182, 36, 'sed', 'Qui fugiat recusandae earum officia alias. Dolores quia est sit non quisquam qui harum. Consequuntur odio et voluptatum omnis quisquam quam nesciunt.', 5, '2021-05-14 02:12:04', '2021-05-14 02:12:04'),
(183, 75, 'reiciendis', 'Quasi vel sint eos. Nihil et enim animi temporibus ad. Alias dolorum perspiciatis ratione ut assumenda deleniti ea dolores.', 5, '2021-05-14 02:12:04', '2021-05-14 02:12:04'),
(184, 186, 'ad', 'Delectus pariatur nostrum veniam est animi. Quaerat perspiciatis consequatur ducimus maiores officiis dolorum. Eos nihil pariatur molestias qui sit.', 2, '2021-05-14 02:12:04', '2021-05-14 02:12:04'),
(185, 196, 'suscipit', 'Sit odio consequuntur repellat nobis maiores ex dolorum. Asperiores dolorem nihil aliquid vitae asperiores dolor. Nesciunt rerum dolores et. Maxime placeat nisi inventore odio eveniet id voluptas et.', 3, '2021-05-14 02:12:05', '2021-05-14 02:12:05'),
(186, 15, 'dolores', 'Pariatur eveniet nobis cupiditate qui. Tempora repudiandae est accusamus sed. Et id distinctio deserunt perspiciatis vel. Facilis itaque soluta quaerat quia.', 0, '2021-05-14 02:12:05', '2021-05-14 02:12:05'),
(187, 76, 'unde', 'Aut ut sequi veritatis similique. Quam animi excepturi numquam rerum. Tempora ullam autem occaecati distinctio.', 5, '2021-05-14 02:12:05', '2021-05-14 02:12:05'),
(188, 22, 'unde', 'Reprehenderit rerum doloribus aut praesentium cupiditate aut quas. Voluptatem iure officia dignissimos. Temporibus sed saepe odio. Eligendi error delectus ipsam eum dolor quisquam. Quaerat tempora doloribus voluptatum rerum minus eum et.', 2, '2021-05-14 02:12:05', '2021-05-14 02:12:05'),
(189, 70, 'non', 'Temporibus at non cupiditate consequatur qui. Omnis distinctio ipsa sed maxime qui aliquam delectus.', 5, '2021-05-14 02:12:05', '2021-05-14 02:12:05'),
(190, 104, 'quia', 'Cumque eum harum velit reiciendis et voluptatem explicabo dolorem. Autem accusamus amet nobis id consequuntur. Numquam consectetur nemo quia officiis id iusto. Unde omnis id alias dolorem eos sed facilis.', 1, '2021-05-14 02:12:05', '2021-05-14 02:12:05'),
(191, 85, 'ea', 'Nam et odio voluptas. Porro maxime nam voluptatum ut quia blanditiis. Asperiores nihil inventore sit. Odit est eius cupiditate quisquam consequuntur sint hic. Aut et mollitia tenetur ut.', 2, '2021-05-14 02:12:05', '2021-05-14 02:12:05'),
(192, 75, 'laudantium', 'Expedita autem at magnam tenetur temporibus. Quae voluptates eos ut quibusdam.', 4, '2021-05-14 02:12:05', '2021-05-14 02:12:05'),
(193, 123, 'voluptatem', 'Et maiores molestiae facere eveniet et. Laborum dolorem fugiat porro nobis eveniet veniam distinctio quia. Voluptatem nulla qui sit facilis excepturi. Non est mollitia itaque magnam hic.', 4, '2021-05-14 02:12:05', '2021-05-14 02:12:05'),
(194, 193, 'sit', 'Dolorem distinctio et ab est magnam dolore alias dignissimos. Laboriosam architecto beatae sed voluptatem. Odio in voluptatem fuga enim rerum quo libero. Repellat rerum qui cum qui sit ipsum. Dolorum quibusdam suscipit enim quia vero aut id.', 3, '2021-05-14 02:12:05', '2021-05-14 02:12:05'),
(195, 118, 'vitae', 'Sunt qui qui saepe recusandae et. Ut aliquid facilis suscipit. Dolor et hic harum autem amet voluptates. Quis voluptatibus natus minus voluptatem.', 0, '2021-05-14 02:12:05', '2021-05-14 02:12:05'),
(196, 29, 'blanditiis', 'Aut asperiores vel consequatur amet. Voluptas omnis sed est tempore eum placeat cumque. Aut quae quis repellendus consequuntur cumque.', 5, '2021-05-14 02:12:05', '2021-05-14 02:12:05'),
(197, 141, 'voluptates', 'Exercitationem natus ut dolorem accusantium dolorem odio ipsum similique. Iste laudantium reiciendis nulla. Molestias ea aut adipisci dolores.', 1, '2021-05-14 02:12:05', '2021-05-14 02:12:05'),
(198, 149, 'tempore', 'In alias reprehenderit officiis cupiditate eaque. Aut deleniti unde numquam molestiae quisquam perferendis corporis. Vel dolorem optio adipisci porro fugit.', 0, '2021-05-14 02:12:05', '2021-05-14 02:12:05'),
(199, 159, 'asperiores', 'Eaque similique architecto error ut. Est illum illum eum quasi molestias voluptas. Molestiae at dignissimos nemo enim ea veniam reiciendis. Aut mollitia rerum voluptatum.', 3, '2021-05-14 02:12:05', '2021-05-14 02:12:05'),
(200, 20, 'nobis', 'Non sit qui et porro impedit id accusantium ipsa. Quia accusantium omnis soluta et ipsum ut. Et est et occaecati esse. Nostrum debitis aut sit aliquam.', 2, '2021-05-14 02:12:05', '2021-05-14 02:12:05'),
(201, 24, 'voluptatem', 'Doloremque ut eum ipsam fugit ea praesentium. Ut est rem necessitatibus voluptatem. Inventore necessitatibus cumque dolor officia animi. Sint et ea consequatur nesciunt velit. Adipisci vitae et quae.', 1, '2021-05-14 02:12:05', '2021-05-14 02:12:05'),
(202, 150, 'nisi', 'Sit sunt enim temporibus voluptas assumenda. Dolores cum reiciendis et non dolorem consequatur. Corporis quo sed similique sint quasi cum. At quia et quia.', 0, '2021-05-14 02:12:05', '2021-05-14 02:12:05'),
(203, 171, 'facilis', 'Natus numquam corrupti quae autem dignissimos. Facilis quasi velit alias doloremque omnis architecto non. Exercitationem et repellat qui. Distinctio velit reprehenderit enim consectetur et.', 3, '2021-05-14 02:12:05', '2021-05-14 02:12:05'),
(204, 56, 'consequatur', 'Ea consequatur molestiae est consequatur sed. Asperiores non beatae reiciendis cumque modi vero. Assumenda autem sed optio id sunt ullam. Omnis autem repudiandae quidem quas et est.', 1, '2021-05-14 02:12:05', '2021-05-14 02:12:05'),
(205, 17, 'ab', 'Aut quia voluptate vitae minima. Perferendis possimus qui adipisci sit ut.', 5, '2021-05-14 02:12:05', '2021-05-14 02:12:05'),
(206, 175, 'qui', 'Sed quos aspernatur cupiditate qui vero dolorum deleniti iste. Nisi deserunt voluptatem odio. Repellendus et et optio blanditiis. Sit et quia ut itaque.', 5, '2021-05-14 02:12:05', '2021-05-14 02:12:05'),
(207, 139, 'natus', 'Libero laudantium molestias quia molestiae quas consectetur nemo doloribus. Dolores velit ducimus praesentium ipsam. Saepe non tempore qui cupiditate officiis earum ut vel.', 0, '2021-05-14 02:12:05', '2021-05-14 02:12:05'),
(208, 124, 'sed', 'Et nobis officia delectus reprehenderit sint. Molestias dolores sed non laboriosam aperiam. Qui aliquid maxime doloribus assumenda et.', 4, '2021-05-14 02:12:05', '2021-05-14 02:12:05'),
(209, 190, 'earum', 'Dolores quibusdam ipsam autem animi et enim consequatur in. Ipsum asperiores laborum aut. Quos omnis aperiam et quia sed suscipit.', 0, '2021-05-14 02:12:05', '2021-05-14 02:12:05'),
(210, 54, 'laboriosam', 'Assumenda eius quae consequuntur corporis expedita non. Error commodi culpa velit ratione sit aut fugiat nihil. Et et cum dolorem et voluptatem.', 5, '2021-05-14 02:12:05', '2021-05-14 02:12:05'),
(211, 169, 'qui', 'Dolorem quidem deserunt consequatur officia voluptatibus fugiat. Hic laudantium et occaecati quibusdam rerum est. Debitis veniam repellendus distinctio quisquam laudantium. Fugit ea quis repellendus et odit beatae.', 0, '2021-05-14 02:12:05', '2021-05-14 02:12:05'),
(212, 93, 'porro', 'Perferendis qui non id unde maxime. Rerum ut omnis impedit odio illum pariatur nostrum. Harum voluptas ex ea nesciunt dolorem. Est sint temporibus quasi reiciendis quo.', 4, '2021-05-14 02:12:06', '2021-05-14 02:12:06'),
(213, 121, 'esse', 'Inventore rerum nesciunt voluptatem iusto. Aut saepe esse eius distinctio recusandae quidem sapiente laboriosam. At modi quas modi cum numquam omnis est.', 2, '2021-05-14 02:12:06', '2021-05-14 02:12:06'),
(214, 54, 'tempore', 'Ut et est quod aperiam quia est tenetur. Qui veritatis sint id consequatur. Aut animi illo qui non quia eos.', 4, '2021-05-14 02:12:06', '2021-05-14 02:12:06'),
(215, 22, 'ut', 'Molestiae sequi aut id. Voluptatem et omnis odit. Fugiat quis facilis ullam qui tempore natus voluptatem consectetur. Ab dignissimos non quaerat similique neque qui quasi.', 2, '2021-05-14 02:12:06', '2021-05-14 02:12:06');
INSERT INTO `reviews` (`id`, `product_id`, `customer`, `review`, `star`, `created_at`, `updated_at`) VALUES
(216, 190, 'consequatur', 'Eveniet doloremque eos vel. Magni minus cupiditate unde nulla. Dolor rerum natus adipisci dolor. Nulla officiis molestias aut est esse molestiae enim.', 4, '2021-05-14 02:12:06', '2021-05-14 02:12:06'),
(217, 173, 'est', 'Qui quae et vero distinctio possimus. Laudantium ut sequi blanditiis dicta adipisci repudiandae accusantium. Voluptas reiciendis et molestiae expedita animi. Officiis sed saepe dolorem sed nihil inventore impedit atque.', 0, '2021-05-14 02:12:06', '2021-05-14 02:12:06'),
(218, 49, 'iure', 'Tempore enim sint ex optio ut quidem. Fugiat illo repudiandae voluptatem temporibus aut ratione. Quas distinctio dicta aut quibusdam.', 2, '2021-05-14 02:12:06', '2021-05-14 02:12:06'),
(219, 24, 'eius', 'Earum similique non nihil modi. Alias libero quaerat enim quos dolorum quia. Et sed soluta laborum sit et qui sed. Illum atque itaque distinctio maxime facilis quisquam libero.', 0, '2021-05-14 02:12:06', '2021-05-14 02:12:06'),
(220, 91, 'veritatis', 'Itaque maxime iste rerum. Similique non cum assumenda inventore est ratione ipsam quaerat. Non et sit quia magnam.', 4, '2021-05-14 02:12:06', '2021-05-14 02:12:06'),
(221, 20, 'odit', 'Ut eos sequi voluptas totam saepe. Sed error sed repellat ullam quasi. Eveniet consequuntur ipsa sunt nam quas repellat et. Consequatur eveniet non qui modi.', 2, '2021-05-14 02:12:06', '2021-05-14 02:12:06'),
(222, 73, 'vitae', 'Expedita ut debitis rem deleniti et aut provident. Vero deleniti labore a nulla perferendis quia eos.', 2, '2021-05-14 02:12:06', '2021-05-14 02:12:06'),
(223, 162, 'perferendis', 'Dolor perspiciatis illum consequatur voluptatibus nihil et molestias. Modi dicta soluta harum vitae dolores ipsa. Assumenda repellendus nihil ut et.', 5, '2021-05-14 02:12:06', '2021-05-14 02:12:06'),
(224, 128, 'architecto', 'Unde quibusdam sit et asperiores eligendi. Dignissimos est error ipsa molestiae. Atque veniam beatae perferendis temporibus officiis nisi maxime. Earum necessitatibus enim ut expedita aut.', 0, '2021-05-14 02:12:06', '2021-05-14 02:12:06'),
(225, 74, 'rerum', 'Quia recusandae numquam quia optio dolorum sit facilis. Iure rerum consequatur quidem enim voluptas vel ut laudantium. Nesciunt tenetur aut dolores sint possimus. Nesciunt qui molestias consequatur eligendi molestias rerum impedit.', 5, '2021-05-14 02:12:06', '2021-05-14 02:12:06'),
(226, 110, 'aperiam', 'Vel unde totam dolorem est animi voluptatem fugit illum. Quasi at facere repellendus aliquid eaque. Repudiandae consequatur magni earum sunt.', 3, '2021-05-14 02:12:06', '2021-05-14 02:12:06'),
(227, 105, 'dolorem', 'Est voluptatum veniam totam et praesentium consequatur. Architecto magni cumque qui facere sequi dolor similique. Consequatur animi qui commodi iste quo.', 5, '2021-05-14 02:12:06', '2021-05-14 02:12:06'),
(228, 163, 'aperiam', 'Similique quia sapiente sunt explicabo maxime. Magni totam et minus quo molestiae fugiat. Et et ut distinctio iure eum. Praesentium explicabo eaque quia accusamus sit.', 1, '2021-05-14 02:12:06', '2021-05-14 02:12:06'),
(229, 200, 'pariatur', 'Est facere tempore omnis architecto quia optio a. Dolores possimus dicta corrupti quo.', 1, '2021-05-14 02:12:06', '2021-05-14 02:12:06'),
(230, 172, 'quis', 'Architecto quas dolor laudantium sed. Delectus reiciendis doloribus in aperiam laudantium delectus. Aspernatur sed sint et eum. Quis voluptatem recusandae qui maiores eius reiciendis iusto. Omnis omnis libero ipsam quibusdam sit expedita quia delectus.', 0, '2021-05-14 02:12:06', '2021-05-14 02:12:06'),
(231, 158, 'quis', 'Numquam qui rerum accusantium molestiae possimus. Ratione doloribus aut quia nisi delectus natus qui aspernatur. Eum ut possimus officiis.', 5, '2021-05-14 02:12:06', '2021-05-14 02:12:06'),
(232, 22, 'quia', 'Asperiores aperiam dolor quaerat illo. Sunt sit consequatur ut eos eveniet architecto repellendus. Est ea optio aut. Enim qui consequatur velit libero est.', 1, '2021-05-14 02:12:06', '2021-05-14 02:12:06'),
(233, 198, 'est', 'Cupiditate omnis doloremque ab eos laborum sunt dolores. Consequatur sed praesentium deserunt. Nisi aut ex cum accusantium.', 3, '2021-05-14 02:12:06', '2021-05-14 02:12:06'),
(234, 145, 'dolor', 'Est consequuntur delectus est sit velit nesciunt. Occaecati est quibusdam autem sunt consequatur.', 4, '2021-05-14 02:12:06', '2021-05-14 02:12:06'),
(235, 45, 'minus', 'Et deserunt iste qui et accusamus corrupti. Quis et ut debitis totam modi. Aut fugiat non enim rerum optio autem.', 5, '2021-05-14 02:12:06', '2021-05-14 02:12:06'),
(236, 72, 'rerum', 'Et inventore debitis aspernatur rem minus velit. Mollitia delectus nisi rerum officiis maiores maiores consequatur. Pariatur sunt ullam corrupti inventore.', 1, '2021-05-14 02:12:06', '2021-05-14 02:12:06'),
(237, 105, 'itaque', 'Non optio consequatur dolor odit voluptatem. Facilis rerum error est officiis. Accusantium aperiam id non voluptatem nostrum enim. Illum qui dolore unde nam repellendus incidunt sapiente.', 0, '2021-05-14 02:12:06', '2021-05-14 02:12:06'),
(238, 15, 'molestias', 'Beatae et quia at et. Vitae omnis ut praesentium animi ut nostrum ullam sunt. Consequatur aut voluptatem placeat exercitationem. Soluta pariatur porro praesentium ea.', 2, '2021-05-14 02:12:06', '2021-05-14 02:12:06'),
(239, 24, 'et', 'Quia suscipit rerum placeat explicabo. Facilis corrupti aliquam voluptatum quidem. Est voluptatem qui qui velit corrupti dolor adipisci.', 3, '2021-05-14 02:12:06', '2021-05-14 02:12:06'),
(240, 37, 'similique', 'Rerum inventore sit eum consectetur modi ducimus fugiat natus. Eos est cumque iure est quia deleniti. Natus aliquid sit amet eveniet. Eos ipsum aperiam optio doloremque debitis sunt est.', 5, '2021-05-14 02:12:06', '2021-05-14 02:12:06'),
(241, 150, 'veritatis', 'Ea atque sit tempore necessitatibus provident similique. Sunt impedit nihil impedit. Enim culpa fugit qui qui repellat officia earum.', 2, '2021-05-14 02:12:06', '2021-05-14 02:12:06'),
(242, 92, 'illum', 'Sit cumque autem veniam id. Iusto pariatur architecto quos explicabo. Ipsa quos ab consequatur aliquam. Dolor ea in voluptatibus consectetur est aspernatur ea dolores.', 5, '2021-05-14 02:12:06', '2021-05-14 02:12:06'),
(243, 25, 'voluptatibus', 'Aut saepe velit omnis porro. Eos consequatur nihil ducimus neque expedita. Suscipit in pariatur fuga impedit sed ex. Perferendis vel eveniet voluptas similique minus et quos.', 3, '2021-05-14 02:12:06', '2021-05-14 02:12:06'),
(244, 116, 'sed', 'Vel dolor atque autem voluptates nisi nihil iste. Et enim inventore distinctio dolor. Quas quisquam cupiditate voluptatibus. Quas voluptas sunt sapiente expedita non molestiae inventore. Laborum commodi quia totam nostrum.', 2, '2021-05-14 02:12:06', '2021-05-14 02:12:06'),
(245, 44, 'natus', 'Qui voluptatum voluptas vitae. Sapiente est autem autem eum veritatis quae. Repellat sed facilis aut et. Itaque molestiae deleniti natus voluptas aut nostrum aut velit.', 4, '2021-05-14 02:12:06', '2021-05-14 02:12:06'),
(246, 121, 'et', 'Tempora vitae fugit excepturi id ea pariatur. Tempore ut ratione unde aut voluptas molestias cumque. Quae doloremque sapiente quia quia aut inventore dignissimos. Odio aut quis occaecati dolore iure in numquam veritatis.', 3, '2021-05-14 02:12:07', '2021-05-14 02:12:07'),
(247, 132, 'autem', 'Illum tenetur et facilis. Fuga dignissimos consequatur dolor. Consequatur quia libero sed doloremque consequatur qui.', 1, '2021-05-14 02:12:07', '2021-05-14 02:12:07'),
(248, 193, 'rerum', 'Aut a quis saepe explicabo incidunt blanditiis. Incidunt aspernatur est aut adipisci. Et amet dolorem omnis dolor. Sed laudantium nemo officia placeat perferendis.', 4, '2021-05-14 02:12:07', '2021-05-14 02:12:07'),
(249, 110, 'labore', 'Nemo eos dolor sed velit dolor quo provident. Est rerum saepe autem temporibus eum quas est. Rerum architecto repellendus harum error fugit eius perspiciatis eligendi.', 2, '2021-05-14 02:12:07', '2021-05-14 02:12:07'),
(250, 107, 'est', 'Et reprehenderit architecto earum sunt sint iste iure. Id enim aut sapiente omnis. Est qui facilis aut animi modi id. Dolores harum nostrum ut delectus.', 5, '2021-05-14 02:12:07', '2021-05-14 02:12:07'),
(251, 39, 'omnis', 'Quam neque dolores deleniti distinctio qui sit. Quam nobis expedita dolorem officiis quod ipsa. Occaecati maxime sed officia et sed consectetur consequatur atque.', 5, '2021-05-14 02:12:07', '2021-05-14 02:12:07'),
(252, 113, 'excepturi', 'Praesentium tenetur qui aut quia voluptatum ab. Labore eveniet veniam delectus. In sed et animi illum nihil repellat rerum. Omnis doloremque enim earum voluptatum deleniti ducimus quia.', 5, '2021-05-14 02:12:07', '2021-05-14 02:12:07'),
(253, 72, 'voluptate', 'Id commodi dolor esse neque dolor veritatis. Voluptatem et mollitia voluptatem qui omnis maxime. Ex quasi est dolor. Dolorem sed dolores non amet.', 3, '2021-05-14 02:12:07', '2021-05-14 02:12:07'),
(254, 19, 'rerum', 'Unde dolor et non harum repellendus. Ex incidunt impedit et vitae ab natus unde. Consectetur magnam enim inventore eaque non eius corporis quaerat. Voluptatem omnis odio veniam libero omnis beatae.', 2, '2021-05-14 02:12:07', '2021-05-14 02:12:07'),
(255, 171, 'nostrum', 'Id assumenda nihil omnis provident. Velit maiores voluptatem nam sunt. Facere voluptatem ratione molestiae earum. Ea vero est impedit temporibus cum voluptas.', 3, '2021-05-14 02:12:07', '2021-05-14 02:12:07'),
(256, 147, 'placeat', 'Voluptas temporibus ullam reprehenderit velit exercitationem fuga tenetur. Quia molestias molestiae voluptas repudiandae voluptas cumque quisquam.', 0, '2021-05-14 02:12:07', '2021-05-14 02:12:07'),
(257, 31, 'tenetur', 'Et reprehenderit accusamus aut aut. Aliquam perspiciatis aut dolorum officiis fuga accusamus id dignissimos. Animi et magni doloribus repudiandae. Est veritatis qui explicabo ipsam perferendis qui.', 1, '2021-05-14 02:12:07', '2021-05-14 02:12:07'),
(258, 81, 'omnis', 'Quia molestiae repellat beatae accusamus. Architecto qui aut est ut voluptatem est libero. Eum aut vero maxime iure est. Voluptatibus provident nobis amet nihil.', 2, '2021-05-14 02:12:07', '2021-05-14 02:12:07'),
(259, 110, 'officia', 'Dolorum eveniet animi unde. Quo et quasi ea consequatur. Hic eum at consequuntur aut consequatur. Labore maxime illo earum alias laudantium nihil dolores.', 4, '2021-05-14 02:12:07', '2021-05-14 02:12:07'),
(260, 16, 'temporibus', 'Quia quod dolorum sapiente velit corrupti. Voluptatem qui sed sunt. Debitis sed quasi repellendus in et. Impedit esse id praesentium. Dignissimos autem quae repudiandae doloribus est nihil quaerat debitis.', 2, '2021-05-14 02:12:07', '2021-05-14 02:12:07'),
(261, 88, 'voluptatem', 'Qui dolor fugiat qui sint. Exercitationem ex voluptatibus possimus illo consequatur dolorem aut accusantium. Consequuntur quis sit vero ea enim repellendus ut. Et sit et libero molestiae quibusdam laborum sit.', 2, '2021-05-14 02:12:07', '2021-05-14 02:12:07'),
(262, 78, 'aut', 'Quo nesciunt eum ipsa voluptas voluptate tempora maiores. Et cum ullam praesentium sequi quas quia sed nobis. Minus natus quia rerum nobis nihil voluptatum ratione.', 2, '2021-05-14 02:12:07', '2021-05-14 02:12:07'),
(263, 57, 'repellat', 'Id impedit dolor quae perspiciatis non iusto. Excepturi vel aut qui quo eius reiciendis sunt officiis. Placeat repellendus et minima esse et sapiente libero.', 5, '2021-05-14 02:12:07', '2021-05-14 02:12:07'),
(264, 62, 'officia', 'Nemo in in qui ratione aspernatur inventore. Exercitationem enim odit nostrum magnam enim aut.', 1, '2021-05-14 02:12:07', '2021-05-14 02:12:07'),
(265, 5, 'nihil', 'At in inventore eum quas velit. Praesentium quas quia fugit in officia enim ex adipisci. Blanditiis maxime dolorem culpa.', 0, '2021-05-14 02:12:07', '2021-05-14 02:12:07'),
(266, 44, 'maxime', 'Libero voluptatum quidem impedit. Similique est debitis quisquam est magni beatae. Quia deserunt eos architecto molestiae nihil est.', 2, '2021-05-14 02:12:07', '2021-05-14 02:12:07'),
(267, 58, 'eum', 'Commodi aperiam aliquam ad consectetur expedita soluta occaecati mollitia. Provident laudantium ut est assumenda aut itaque. Aut inventore et ad est. Aliquid beatae ex ipsum sit.', 1, '2021-05-14 02:12:07', '2021-05-14 02:12:07'),
(268, 107, 'ipsa', 'Error voluptatem dicta laudantium fugit sint molestias. Delectus omnis et qui sunt. Omnis autem rem consequatur deserunt deserunt.', 1, '2021-05-14 02:12:07', '2021-05-14 02:12:07'),
(269, 183, 'omnis', 'Nemo quo maiores nobis consequatur sed quaerat optio temporibus. Quaerat ratione sint laborum veritatis dolorum asperiores et. Voluptas iste nobis at blanditiis consequuntur.', 5, '2021-05-14 02:12:07', '2021-05-14 02:12:07'),
(270, 114, 'dolore', 'Ut iste odit molestiae nihil. Doloremque voluptas et veritatis quod ab tempora est autem.', 1, '2021-05-14 02:12:07', '2021-05-14 02:12:07'),
(271, 129, 'cum', 'Nihil beatae neque et quia quasi. Ea sapiente consequatur corrupti recusandae. Ut quia blanditiis qui culpa deleniti. Minus sint provident omnis quisquam.', 5, '2021-05-14 02:12:07', '2021-05-14 02:12:07'),
(272, 128, 'in', 'Quis veniam corrupti sed quam et quia. Voluptatem nemo aperiam qui qui. Aut illo expedita expedita.', 4, '2021-05-14 02:12:07', '2021-05-14 02:12:07'),
(273, 75, 'mollitia', 'Rerum voluptates iure aut dignissimos quia et sed voluptatem. Incidunt ullam autem beatae aliquam voluptate facere voluptas. Voluptate cum cumque molestiae voluptatem sapiente numquam.', 5, '2021-05-14 02:12:07', '2021-05-14 02:12:07'),
(274, 126, 'tempora', 'Praesentium rem id consectetur aut ipsum ut. Nemo quis magni inventore odio. Ut necessitatibus esse doloremque expedita delectus nihil hic. Ut beatae temporibus nisi ratione a adipisci. Aut amet possimus ipsam numquam ea ut.', 4, '2021-05-14 02:12:07', '2021-05-14 02:12:07'),
(275, 200, 'perferendis', 'Ea aperiam omnis sequi. Ut placeat nulla omnis qui aliquid sunt natus. Est esse quia quis tempora similique earum eos. Vel eos cum praesentium quibusdam non repellat.', 3, '2021-05-14 02:12:08', '2021-05-14 02:12:08'),
(276, 15, 'voluptatum', 'Quo magni consequatur veritatis sit doloremque. Ut et illo quis voluptas non hic facere. Quasi officiis molestias eos voluptatem ratione laudantium. Quod et nemo dolorum.', 4, '2021-05-14 02:12:08', '2021-05-14 02:12:08'),
(277, 153, 'dicta', 'Voluptas rem nam in enim. Culpa assumenda officia exercitationem et dolor laudantium.', 3, '2021-05-14 02:12:08', '2021-05-14 02:12:08'),
(278, 188, 'amet', 'Laboriosam et vero dolor dolores sit. Dolorum saepe sit distinctio et. Fuga voluptatum similique eum sit optio ut nihil eos. Molestias delectus consectetur cum sapiente at doloribus. Et quam cum voluptas ut veniam incidunt nulla.', 4, '2021-05-14 02:12:08', '2021-05-14 02:12:08'),
(279, 57, 'iure', 'Ut ut doloremque laboriosam atque voluptate ducimus distinctio. Itaque cumque laboriosam esse qui ad.', 0, '2021-05-14 02:12:08', '2021-05-14 02:12:08'),
(280, 178, 'corrupti', 'Eius aut cumque earum laboriosam cumque velit est. Et quia dolorem sint ex incidunt aliquid non. Rerum facere autem maiores et. Qui laborum et deserunt voluptas.', 4, '2021-05-14 02:12:08', '2021-05-14 02:12:08'),
(281, 138, 'culpa', 'Eaque nihil autem quae quia delectus. Adipisci mollitia iusto et et non incidunt delectus. Animi sed eaque id animi maiores alias. Et est qui est odio.', 1, '2021-05-14 02:12:08', '2021-05-14 02:12:08'),
(282, 9, 'voluptas', 'Iure aut similique velit expedita voluptatem eum. Sed dicta rerum voluptas minus praesentium iste ad ab. Deserunt tenetur eos consequatur id excepturi et eius. Possimus aut vel facilis a in iusto.', 5, '2021-05-14 02:12:08', '2021-05-14 02:12:08'),
(283, 103, 'culpa', 'Magnam perspiciatis commodi eum veniam vero dolor. Illum fugiat nihil ullam qui facilis eos unde. Consequatur doloribus sunt qui et eligendi. Pariatur repudiandae explicabo quia et unde accusamus perferendis.', 0, '2021-05-14 02:12:08', '2021-05-14 02:12:08'),
(284, 157, 'pariatur', 'Quidem consectetur nisi molestiae accusantium. Quas dolores aspernatur soluta. Autem ut a incidunt et. Sit facilis ex exercitationem dolores eum.', 5, '2021-05-14 02:12:08', '2021-05-14 02:12:08'),
(285, 178, 'quae', 'Esse et impedit eos nisi quasi eligendi. Doloribus dolorem eius consequuntur non. Sed adipisci error atque omnis. Eos inventore tempora officia pariatur.', 5, '2021-05-14 02:12:08', '2021-05-14 02:12:08'),
(286, 36, 'tenetur', 'Libero dicta rerum molestiae maxime. Aut minima possimus tempore culpa illum dolorum et. Dolorum et vitae voluptas est aliquam et. Consequatur fugit cumque rerum dignissimos eum. Molestiae consectetur rerum illum voluptatem dolore rerum voluptatem id.', 2, '2021-05-14 02:12:09', '2021-05-14 02:12:09'),
(287, 196, 'dolorum', 'Minus dolor dolorem velit impedit esse quis qui. Unde sint dolore corrupti animi rerum quo. Quas voluptatem delectus officiis autem.', 3, '2021-05-14 02:12:09', '2021-05-14 02:12:09'),
(288, 121, 'placeat', 'Totam culpa voluptas rem architecto voluptas. Qui eum pariatur rerum expedita quia. Corrupti ipsa et voluptatum qui quae rerum.', 5, '2021-05-14 02:12:09', '2021-05-14 02:12:09'),
(289, 86, 'ut', 'Molestiae architecto sed ipsam molestiae nostrum quaerat. Labore quis repellendus magni quibusdam qui explicabo id. Nisi quasi voluptatem odio quaerat minima.', 3, '2021-05-14 02:12:09', '2021-05-14 02:12:09'),
(290, 79, 'earum', 'Similique quaerat natus quibusdam quibusdam eos iure deleniti. Culpa adipisci nulla quia natus provident totam soluta. Consequatur quia sequi id. Impedit ut commodi ad sapiente rerum.', 4, '2021-05-14 02:12:09', '2021-05-14 02:12:09'),
(291, 120, 'perferendis', 'Tempora qui iste et occaecati expedita veniam. Ipsam in sit dignissimos incidunt nostrum sit. Possimus maxime dolor voluptas. Voluptatem maxime inventore et deleniti enim.', 1, '2021-05-14 02:12:09', '2021-05-14 02:12:09'),
(292, 87, 'aut', 'Recusandae qui quis quas vitae totam explicabo molestias. Magnam sed eos facere ut quo. Fugiat voluptates asperiores soluta est expedita reiciendis.', 1, '2021-05-14 02:12:09', '2021-05-14 02:12:09'),
(293, 157, 'placeat', 'Iure labore dolorum qui sed error qui. Rerum culpa praesentium est laborum. Omnis et recusandae sed sed eligendi. Id nobis ipsam est et laboriosam voluptatem.', 4, '2021-05-14 02:12:09', '2021-05-14 02:12:09'),
(294, 25, 'itaque', 'Quae est exercitationem sit corrupti temporibus. Reprehenderit id sit nemo dolorum illum. Non vel distinctio autem cupiditate aliquam. Sint totam nesciunt quas ut consequatur consequuntur culpa dolores.', 4, '2021-05-14 02:12:09', '2021-05-14 02:12:09'),
(295, 135, 'veritatis', 'Aut magni quis dolorem nihil. Distinctio ullam id dignissimos eaque incidunt rerum rerum. Praesentium quo quia ut velit soluta quia. Alias voluptas est veniam voluptatem quia ut.', 1, '2021-05-14 02:12:09', '2021-05-14 02:12:09'),
(296, 141, 'sed', 'Molestiae id deserunt qui. Aut porro id dolore quibusdam veniam. Similique iure necessitatibus dolorem omnis similique. Est fuga corrupti doloremque amet voluptates corrupti recusandae et.', 0, '2021-05-14 02:12:09', '2021-05-14 02:12:09'),
(297, 175, 'distinctio', 'Recusandae mollitia et tempore eos qui. Velit voluptas voluptas numquam nesciunt.', 2, '2021-05-14 02:12:09', '2021-05-14 02:12:09'),
(298, 87, 'officia', 'Totam est earum consequuntur aut accusantium consequatur assumenda. Repellendus voluptates nihil ullam autem natus quam consectetur dolor. Quisquam corrupti in dolor omnis atque.', 5, '2021-05-14 02:12:09', '2021-05-14 02:12:09'),
(299, 147, 'iste', 'Maxime minima dolorum porro rerum. Asperiores nobis in eum sint. Magnam cumque harum id magni.', 0, '2021-05-14 02:12:09', '2021-05-14 02:12:09'),
(300, 156, 'laudantium', 'Unde sed et qui deserunt et. Laudantium id et pariatur cumque nostrum eos.', 0, '2021-05-14 02:12:09', '2021-05-14 02:12:09');

-- --------------------------------------------------------

--
-- Table structure for table `students`
--

CREATE TABLE `students` (
  `id` bigint(20) UNSIGNED NOT NULL,
  `name` varchar(120) COLLATE utf8mb4_unicode_ci NOT NULL,
  `email` varchar(50) COLLATE utf8mb4_unicode_ci DEFAULT NULL,
  `mobile` varchar(50) COLLATE utf8mb4_unicode_ci DEFAULT NULL,
  `age` int(11) NOT NULL,
  `gender` enum('male','female','others') COLLATE utf8mb4_unicode_ci NOT NULL,
  `address_info` text COLLATE utf8mb4_unicode_ci NOT NULL,
  `created_at` timestamp NOT NULL DEFAULT current_timestamp(),
  `updated_at` timestamp NOT NULL DEFAULT current_timestamp()
) ENGINE=InnoDB DEFAULT CHARSET=utf8mb4 COLLATE=utf8mb4_unicode_ci;

-- --------------------------------------------------------

--
-- Table structure for table `users`
--

CREATE TABLE `users` (
  `id` bigint(20) UNSIGNED NOT NULL,
  `name` varchar(255) COLLATE utf8mb4_unicode_ci NOT NULL,
  `email` varchar(255) COLLATE utf8mb4_unicode_ci NOT NULL,
  `email_verified_at` timestamp NULL DEFAULT NULL,
  `password` varchar(255) COLLATE utf8mb4_unicode_ci NOT NULL,
  `remember_token` varchar(100) COLLATE utf8mb4_unicode_ci DEFAULT NULL,
  `created_at` timestamp NULL DEFAULT NULL,
  `updated_at` timestamp NULL DEFAULT NULL
) ENGINE=InnoDB DEFAULT CHARSET=utf8mb4 COLLATE=utf8mb4_unicode_ci;

--
-- Indexes for dumped tables
--

--
-- Indexes for table `failed_jobs`
--
ALTER TABLE `failed_jobs`
  ADD PRIMARY KEY (`id`),
  ADD UNIQUE KEY `failed_jobs_uuid_unique` (`uuid`);

--
-- Indexes for table `migrations`
--
ALTER TABLE `migrations`
  ADD PRIMARY KEY (`id`);

--
-- Indexes for table `oauth_access_tokens`
--
ALTER TABLE `oauth_access_tokens`
  ADD PRIMARY KEY (`id`),
  ADD KEY `oauth_access_tokens_user_id_index` (`user_id`);

--
-- Indexes for table `oauth_auth_codes`
--
ALTER TABLE `oauth_auth_codes`
  ADD PRIMARY KEY (`id`),
  ADD KEY `oauth_auth_codes_user_id_index` (`user_id`);

--
-- Indexes for table `oauth_clients`
--
ALTER TABLE `oauth_clients`
  ADD PRIMARY KEY (`id`),
  ADD KEY `oauth_clients_user_id_index` (`user_id`);

--
-- Indexes for table `oauth_personal_access_clients`
--
ALTER TABLE `oauth_personal_access_clients`
  ADD PRIMARY KEY (`id`);

--
-- Indexes for table `oauth_refresh_tokens`
--
ALTER TABLE `oauth_refresh_tokens`
  ADD PRIMARY KEY (`id`),
  ADD KEY `oauth_refresh_tokens_access_token_id_index` (`access_token_id`);

--
-- Indexes for table `password_resets`
--
ALTER TABLE `password_resets`
  ADD KEY `password_resets_email_index` (`email`);

--
-- Indexes for table `products`
--
ALTER TABLE `products`
  ADD PRIMARY KEY (`id`);

--
-- Indexes for table `reviews`
--
ALTER TABLE `reviews`
  ADD PRIMARY KEY (`id`),
  ADD KEY `reviews_product_id_index` (`product_id`);

--
-- Indexes for table `students`
--
ALTER TABLE `students`
  ADD PRIMARY KEY (`id`);

--
-- Indexes for table `users`
--
ALTER TABLE `users`
  ADD PRIMARY KEY (`id`),
  ADD UNIQUE KEY `users_email_unique` (`email`);

--
-- AUTO_INCREMENT for dumped tables
--

--
-- AUTO_INCREMENT for table `failed_jobs`
--
ALTER TABLE `failed_jobs`
  MODIFY `id` bigint(20) UNSIGNED NOT NULL AUTO_INCREMENT;

--
-- AUTO_INCREMENT for table `migrations`
--
ALTER TABLE `migrations`
  MODIFY `id` int(10) UNSIGNED NOT NULL AUTO_INCREMENT, AUTO_INCREMENT=12;

--
-- AUTO_INCREMENT for table `oauth_clients`
--
ALTER TABLE `oauth_clients`
  MODIFY `id` bigint(20) UNSIGNED NOT NULL AUTO_INCREMENT;

--
-- AUTO_INCREMENT for table `oauth_personal_access_clients`
--
ALTER TABLE `oauth_personal_access_clients`
  MODIFY `id` bigint(20) UNSIGNED NOT NULL AUTO_INCREMENT;

--
-- AUTO_INCREMENT for table `products`
--
ALTER TABLE `products`
  MODIFY `id` int(10) UNSIGNED NOT NULL AUTO_INCREMENT, AUTO_INCREMENT=201;

--
-- AUTO_INCREMENT for table `reviews`
--
ALTER TABLE `reviews`
  MODIFY `id` int(10) UNSIGNED NOT NULL AUTO_INCREMENT, AUTO_INCREMENT=301;

--
-- AUTO_INCREMENT for table `students`
--
ALTER TABLE `students`
  MODIFY `id` bigint(20) UNSIGNED NOT NULL AUTO_INCREMENT;

--
-- AUTO_INCREMENT for table `users`
--
ALTER TABLE `users`
  MODIFY `id` bigint(20) UNSIGNED NOT NULL AUTO_INCREMENT;

--
-- Constraints for dumped tables
--

--
-- Constraints for table `reviews`
--
ALTER TABLE `reviews`
  ADD CONSTRAINT `reviews_product_id_foreign` FOREIGN KEY (`product_id`) REFERENCES `products` (`id`) ON DELETE CASCADE;
COMMIT;

/*!40101 SET CHARACTER_SET_CLIENT=@OLD_CHARACTER_SET_CLIENT */;
/*!40101 SET CHARACTER_SET_RESULTS=@OLD_CHARACTER_SET_RESULTS */;
/*!40101 SET COLLATION_CONNECTION=@OLD_COLLATION_CONNECTION */;
